CUSTOMER_CODE,LATITUDE,LONGITUDE,CUSTOMER_TIME_WINDOW_FROM_MIN,CUSTOMER_TIME_WINDOW_TO_MIN,CUSTOMER_DELIVERY_SERVICE_TIME_MIN,TOTAL_WEIGHT_KG,TOTAL_VOLUME_M3,POS
138087,43.41305,17.87588,480,900,152.05,64.318,0,"(732837.5177415011, 4810702.647716379)"
138157,43.135963,17.776839,480,900,55.05,17.553,0,"(725841.7659740052, 4779656.8248615395)"
26,43.46907801,17.33702249,481,961,34.51,6.378,0,"(689034.2900051276, 4815560.2740539685)"
478,43.70716,17.2229,481,961,33.38,16.375,0,"(679095.3552361467, 4841749.763660422)"
921127,43.08222786,17.96003741,480,840,70.36,18.939,0,"(740953.1255885201, 4774199.454202211)"
15076,43.46470189,17.31043644,481,961,19.23,25.334,0,"(686897.2550287938, 4815014.21579454)"
1408,43.35459,17.79902,480,900,80.89,109.573,0,"(726832.5243342887, 4803997.9063705355)"
922636,43.396088,17.871369,481,961,34.93,24.46,0,"(732537.2080073201, 4808806.178212766)"
141727,43.71657,17.23185,481,961,32.56,5.957,0,"(679788.3117422869, 4842814.275332868)"
15027,43.11036,17.70165,480,900,82.602,12.978,0,"(719818.0193300842, 4776613.324256796)"
137381,43.71619,17.2317,480,900,88.77,32.848,0,"(679777.364767808, 4842771.744743544)"
1998,43.54998018,17.42732548,481,961,25.21,4.826,0,"(696076.6129077901, 4824754.612062764)"
922451,43.475001,17.325417,481,961,7.94,9.289,0,"(688077.1519208723, 4816191.8043374065)"
1425,43.33841,17.79242,481,961,8.24,25.956,0,"(726357.7992755364, 4802182.977741685)"
131768,43.34568,17.80545,481,961,36.66,15.75,0,"(727386.9238061167, 4803025.846329933)"
131511,43.36378,17.82157,480,840,46.5,30.806,0,"(728625.5245168034, 4805080.1646848135)"
132462,43.32605,17.82229,480,840,23.93,6.474,0,"(728825.6615166588, 4800891.733310321)"
922334,43.224819,17.695885,481,961,7.87,6.294,0,"(718939.4353797801, 4789309.9826663425)"
15221,43.71695937,17.23264032,481,961,28.26,20.065626,0,"(679850.8128416513, 4842859.236251474)"
136836,43.46991226,17.3333838,481,961,9.19,6.859629,0,"(688737.3616712799, 4815644.670514493)"
10825,43.36369616,17.8181746,481,961,55.74,15.429162,0,"(728350.7046246083, 4805061.547928019)"
921872,43.34521,17.7901,481,961,29.22,34.608,0,"(726144.4659151009, 4802931.911340161)"
138142,43.71342,17.23878,481,961,8.29,7.9128,0,"(680356.0281281299, 4842479.476512203)"
923142,43.429906,17.7661,481,961,20.61,16.904937,0,"(723886.919182349, 4812273.7343045315)"
1118,43.11155,17.71267,480,900,62.25,74.042,0,"(720710.4200643073, 4776774.459886008)"
144680,43.58691037,17.29854226,481,961,42.41,33.29655,0,"(685559.8827603162, 4828560.453110543)"
143559,43.71763,17.22673,481,961,13.07,25.24725,0,"(679372.6931138234, 4842920.909202265)"
131332,43.71489,17.22924,480,900,17.39,0.617,0,"(679583.0760400655, 4842622.024538541)"
131334,43.71959,17.22727,480,900,39.39,36.1935,0,"(679410.3420493382, 4843139.768025703)"
131336,43.63608,17.30644,480,900,33.2,15.4917,0,"(686045.7643485009, 4834039.1391503345)"
131337,43.72212,17.22354,480,900,25.68,21.1785,0,"(679102.3365911469, 4843412.695796755)"
131469,43.10913847,17.69950533,481,961,17.84,17.8185,0,"(719647.8823017557, 4776472.037291908)"
739,43.20614682,17.78742814,480,840,53.76,12.778248,0,"(726443.3797047804, 4787480.07017387)"
738,43.07658527,17.71537328,480,840,83.67,54.601,0,"(721056.2014354961, 4772898.4521143595)"
7521,43.47523786,17.32810521,480,840,74.65,16.6022325,0,"(688293.842041074, 4816224.189072703)"
7930,43.1377,17.77995,480,840,50.54,17.72295,0,"(726088.393565504, 4779858.131514338)"
7935,43.083,17.95873,480,840,58.56,33.493,0,"(740843.6658280129, 4774281.449769994)"
7945,43.07982,17.94985,480,840,75.66,74.71,0,"(740133.2117868062, 4773902.796609565)"
7959,43.71882,17.23422,480,840,111.8,128.678,0,"(679972.4952549135, 4843069.319252854)"
15203,43.11035251,17.70323897,480,840,139.02,122.772,0,"(719947.338139098, 4776616.663121579)"
143115,43.46942,17.32524,480,840,112.14,81.665,0,"(688080.1522096385, 4815571.564489071)"
921336,43.35442352,17.80005933,480,840,85.51,56.486,0,"(726917.3763723333, 4803982.244298623)"
137670,43.05872263,17.7067473,481,961,34.59,28.4072145,0,"(720417.9761160082, 4770891.9487362625)"
921733,43.4733,17.32598,481,961,25.04,40.590984,0,"(688127.9677018063, 4816004.159395181)"
142110,43.72387,17.22431,481,961,17.3,0.867,0,"(679159.1422684138, 4843608.726491722)"
139187,43.46798,17.33015,481,961,40.29,11.4282,0,"(688481.7931921821, 4815422.74113294)"
1934,43.70177,17.21097,481,961,16.58,1.008,0,"(678150.1220373684, 4841125.407201164)"
922075,43.11211,17.70017,481,961,18.14,11.55,0,"(719691.3298449963, 4776803.794624426)"
922805,43.111334,17.699419,481,961,35.1,0.98,0,"(719633.000916506, 4776715.643743175)"
922327,43.345545,17.799215,481,961,45.22,46.6,0,"(726882.0449851688, 4802993.872694528)"
136510,43.12315,17.86405,481,961,9.9,11.88159,0,"(732983.7378491849, 4778472.748753228)"
923589,43.12712827,17.67978971,481,961,73.89,40.221,0,"(717979.7053611797, 4778418.458610326)"
593,43.12445,17.86164,481,961,27.81,53.556,0,"(732782.7457665831, 4778610.424653998)"
1439,43.32738,17.82022,481,961,36.48,32.076,0,"(728652.8290061578, 4801033.771432032)"
922197,43.117092,17.697722,481,961,33.66,23.21,0,"(719474.3273579802, 4777350.672396812)"
1654,43.62293339,17.25656563,481,961,27.08,39.606,0,"(682062.3144526143, 4832468.403950512)"
131249,43.34937,17.80554,480,900,49.35,5.213,0,"(727380.4330917576, 4803435.913881797)"
131250,43.32004,17.81924,480,900,81.38,34.52358,0,"(728600.9144039693, 4800215.886240218)"
131247,43.34828,17.79084,480,900,66.98,11.1824895,0,"(726193.038471192, 4803274.880956347)"
921003,43.3526515,17.79721674,480,900,81.79,26.85585,0,"(726693.6028472431, 4803777.707198031)"
922910,43.0791928,17.9500538,481,961,81.53,110.562,0,"(740152.2549738865, 4773833.723814697)"
132531,43.33978,17.80215,480,900,94.11,94.701,0,"(727141.4536881031, 4802361.583833946)"
144561,43.10746,17.70177,480,900,155.67,121.641,0,"(719838.1699930453, 4776291.568812776)"
606,43.48842525,17.28596234,481,961,52.29,67.578,0,"(684845.0549396983, 4817594.3309381865)"
923951,43.71415,17.23876,481,961,15.9,0.932,0,"(680352.2264819138, 4842560.511266806)"
138650,43.47312,17.29732,481,961,36.16,17.304,0,"(685810.3970296349, 4815919.785084514)"
144439,43.47489535,17.32889195,481,961,9.08,78.75,0,"(688358.5389269403, 4816187.929292575)"
922957,43.37312,17.60525,481,961,15.55,1.782,0,"(711064.4521267698, 4805547.071192995)"
142995,43.338239,17.810566,481,961,45.06,36.854,0,"(727829.4510088016, 4802213.388530375)"
133394,43.13381,17.77357,481,961,26.33,6.233,0,"(725583.8029091647, 4779408.901279355)"
133395,43.08457827,17.71831298,481,961,19.47,23.94,0,"(721266.7446869427, 4773793.898599522)"
923124,43.351954,17.802762,481,961,17.14,43.26,0,"(727145.6294002067, 4803715.330076995)"
135717,43.3726,17.84617,481,961,19.19,4.725,0,"(730585.4605918201, 4806127.496747186)"
145229,43.37916,17.60656,481,961,44.33,45.8472,0,"(711149.6125895429, 4806221.204794739)"
1387,43.4646396,17.34455414,481,961,50.04,14.9170665,0,"(689657.4040284185, 4815084.46593088)"
921035,43.47431317,17.32787704,481,961,57.31,35.898408,0,"(688278.2598701045, 4816120.974430176)"
923716,43.135148,17.832879,481,961,12.65,25.886616,0,"(730402.8344006211, 4779718.996689911)"
139432,43.36661,17.63372,481,961,19.73,118.125,0,"(713393.8830701378, 4804896.526496973)"
921932,43.10820519,17.71376174,481,961,66.23,29.293,0,"(720811.2845777159, 4776405.866248455)"
922911,43.763243,17.230827,481,961,31.82,13.02,0,"(679566.2858702689, 4847995.865159281)"
923700,43.377547,17.851378,481,961,49.17,11.299407,0,"(730988.6183843693, 4806691.347789844)"
920968,43.35491764,17.81399424,481,961,48.64,7.35966,0,"(728044.865543897, 4804075.136917592)"
921042,43.71562,17.22894,481,961,18.17,26.295192,0,"(679556.727231984, 4842702.45270401)"
145171,43.47044321,17.33773203,481,961,17.11,2.748,0,"(689087.4257520096, 4815713.508301648)"
145160,43.37824092,17.56334723,481,961,18.1,17.22042,0,"(707652.078010451, 4806010.581495354)"
140401,43.35868,17.81705,481,961,20.23,12.497457,0,"(728278.3984183879, 4804501.35768817)"
921231,43.0824,17.95968,481,961,8.27,14.09205,0,"(740923.3547671112, 4774217.544489541)"
133893,43.71374,17.23062,481,961,18.33,37.8,0,"(679697.6867695048, 4842497.290136708)"
923322,43.33346,17.81523,481,961,8.12,3.219,0,"(728225.4531557822, 4801695.368938499)"
136297,43.39054161,17.48520785,481,961,18.77,10.08,0,"(701281.1878831491, 4807185.05057522)"
1676,43.1094,17.70362,481,961,42.33,0.598,0,"(719981.7558015236, 4776511.879025727)"
923762,43.715555,17.230788,481,961,18.16,25.716,0,"(679705.7943967681, 4842699.239485466)"
140023,43.46984,17.32242,481,961,31.96,87.056,0,"(687850.7443853674, 4815611.842377909)"
1665,43.71608,17.23162,481,961,50.24,2.872,0,"(679771.2491399999, 4842759.353902973)"
138642,44.05173,17.43951,481,961,10.27,118.02,0,"(695417.5741199529, 4880511.912804421)"
1080,43.37812828,17.60419065,481,961,16.62,12.6,0,"(710961.2504859368, 4806100.620794583)"
138315,43.34449,17.80252,481,961,20.59,2.059,0,"(727153.8715192679, 4802885.69736041)"
587,43.22818015,17.69631887,481,961,42.86,48.009,0,"(718962.6324115953, 4789684.41005237)"
921607,43.22861,17.70194,481,961,21.82,48.21,0,"(719417.5913192999, 4789746.889436485)"
135890,43.22796126,17.69842172,481,961,19.55,12.025,0,"(719134.1933301215, 4789665.610612899)"
138089,43.34414,17.80873,480,900,78.79,40.895,0,"(727658.5460879689, 4802863.757278927)"
140114,43.16738,18.52954,481,961,9.03,1.442,0,"(299180.2422559925, 4782365.194698055)"
920597,43.18526869,17.67822151,481,961,8.78,10.269,0,"(717645.5413458847, 4784871.412799447)"
142817,43.34895,17.80541,481,961,26.8,10.742,0,"(727371.4655764417, 4803388.913008617)"
920532,44.08039739,17.44696406,480,840,47.53,17.021,0,"(695920.0603570894, 4883713.787445463)"
923922,44.053414,17.44371,481,961,23.61,32.191,0,"(695748.4728119567, 4880708.933591038)"
352,43.37012299,17.42603832,481,961,16.06,72.697,0,"(696554.771216736, 4804776.140826522)"
924068,44.070345,17.446652,481,961,32.83,50.11,0,"(695928.2601813569, 4882596.498876078)"
138643,44.05306,17.44433,481,961,9.84,90.93,0,"(695799.3047760909, 4880671.087955744)"
920105,43.83979,17.17697,481,961,23.47,11.669,0,"(675007.3740528758, 4856382.342556756)"
141004,43.39097,17.48361,481,961,8.03,2.982,0,"(701150.3529722347, 4807228.770920173)"
923163,43.207427,17.668477,481,961,71.83,99.254,0,"(716775.1072662221, 4787307.006100423)"
15020,43.34942,17.79687,480,900,20.37,39.124,0,"(726677.5370370781, 4803417.864834709)"
15021,43.34601,17.80105,480,900,25.04,77.069,0,"(727029.0480455098, 4803050.51036262)"
15026,43.382311,17.592223,480,900,52.89,51.41,0,"(709977.2869462406, 4806534.946810684)"
144810,44.05482462,17.44957369,480,900,30.67,34.414,0,"(696213.5210628129, 4880879.569532503)"
136088,43.348935,17.804925,480,900,28.45,117.155,0,"(727332.2117216663, 4803385.924887596)"
136174,43.20729,17.66857,480,900,39.55,22.518,0,"(716783.1480444502, 4787292.031963895)"
921615,43.16577647,18.53531979,481,961,10.56,3.007,0,"(299644.8467176768, 4782173.257009556)"
920284,42.87409,18.42655,481,961,10.35,5.448,0,"(289809.1858709714, 4750045.683167257)"
9,43.25479,18.11055,481,961,10.55,32.02,0,"(265454.9570512478, 4793163.809217264)"
144284,43.24393,18.13937,481,961,9.43,12.636,0,"(267753.18625879963, 4791877.166151639)"
144285,43.2657,18.1172,481,961,9.4,12.778,0,"(266036.6009380197, 4794356.847210647)"
7572,43.367,17.42341,481,961,64.18,14.367,0,"(696351.9003655383, 4804423.10526076)"
137599,44.05943,17.4496,481,961,9.4,7.365,0,"(696200.411550048, 4881391.162782865)"
137634,43.34691846,17.81345256,481,961,18.04,10.164,0,"(728030.9369790577, 4803185.242657087)"
138929,44.07124,17.44981,481,961,18.98,32.123,0,"(696178.2002545525, 4882703.429664267)"
921090,44.05513348,17.45000217,481,961,28.8,27.261,0,"(696246.8225815723, 4880914.896028611)"
142832,44.05261,17.45045,481,961,8.35,21,0,"(696291.035511089, 4880635.674935358)"
133537,43.36989137,17.4294246,481,961,9.13,14.31927,0,"(696829.882673549, 4804758.404761475)"
141516,43.190612,17.686242,481,961,7.75,0,0,"(718278.3015561115, 4785485.737838412)"
136885,43.22722642,17.70582462,481,961,23.15,13,0,"(719738.039956022, 4789603.432682707)"
10564,44.08412,17.44531,481,961,9.28,8.452,0,"(695775.3385129067, 4884123.332251519)"
320,42.89103,18.41611,481,961,29.94,55.481034,0,"(289014.2108135, 4751953.077091051)"
143063,43.36068,17.32345,481,961,9.3,47.25,0,"(688272.1332722595, 4803490.6860467475)"
1619,43.25385,18.1194,481,961,11.46,52.609,0,"(266169.7751742407, 4793034.601423784)"
7585,42.8798,18.43202,481,961,9.91,57.105804,0,"(290275.3313213694, 4750666.1547166575)"
1973,43.25596499,18.11753595,481,961,29.78,63.905,0,"(266026.5591669212, 4793274.715656847)"
740,43.22866482,17.69685531,480,840,72.87,118.287,0,"(719004.4610680961, 4789739.6431070035)"
7525,43.38201,17.59221,480,840,59.86,112.864,0,"(709977.2734246431, 4806501.484305467)"
15202,43.38594,17.59217,480,840,41.95,60.229,0,"(709960.459979194, 4806937.858565526)"
15206,43.33583,17.80148,480,840,53.69,48.938,0,"(727101.8741428338, 4801921.061669679)"
15209,43.19572942,17.67561221,480,840,72.27,133.882,0,"(717396.3277683305, 4786026.394398649)"
15247,43.34668,17.8017,480,840,47.23,19.780425,0,"(727079.2343216536, 4803126.692071918)"
15249,43.3505,17.79755,480,840,44.64,10.3845,0,"(726728.6279594098, 4803539.661286785)"
15250,43.34129,17.80184,480,840,56.13,86.076,0,"(727110.6908688687, 4802528.444524898)"
15251,43.34646,17.79313,480,840,68.53,48.2051535,0,"(726385.4172019081, 4803078.960031563)"
15252,43.25176,17.83719,480,840,32.71,33.1632,0,"(730314.1577354573, 4792681.894061238)"
15328,43.34914,17.79765,480,840,64.16,17.39808,0,"(726741.7997003077, 4803388.887607414)"
1031,44.05528662,17.44944653,480,840,56.17,62.259,0,"(696201.8088167014, 4880930.581975222)"
145260,44.05475049,17.44977762,480,840,41.58,133.04,0,"(696230.1013652281, 4880871.821678214)"
922087,43.839192,17.174962,481,961,7.75,0,0,"(674847.6941637693, 4856311.6754722735)"
923817,43.413612,17.310452,481,961,17.85,2.26485,0,"(687055.9254229766, 4809340.110099558)"
1709,43.36722164,17.42251926,481,961,11.33,4.20735,0,"(696279.0123516915, 4804445.623837154)"
15189,43.189403,17.679732,481,961,9.09,5.355,0,"(717753.5891983846, 4785334.499313258)"
921523,43.29054,17.760627,481,961,8.8,2.3352,0,"(723956.3563776034, 4796780.647594725)"
920497,43.19456348,17.67901129,480,900,41.96,39.747,0,"(717676.6668610555, 4785905.745648081)"
920118,43.22891928,17.6998378,480,900,21.32,12.367,0,"(719245.7597066906, 4789775.72214276)"
923033,43.388833,17.583623,481,961,8.89,38.509,0,"(709258.1841144263, 4807237.667555466)"
142634,43.34059,17.80684,481,961,8.46,22.281,0,"(727518.6145426697, 4802464.326994705)"
923731,43.22871,17.701516,481,961,27.21,66.811,0,"(719382.7988374803, 4789756.882584326)"
360,43.22622578,17.70915055,481,961,22.4,27.486,0,"(720011.7505716041, 4789501.049491963)"
990,43.3552,17.81367,480,900,95.05,36.879,0,"(728017.5299396156, 4804105.610018939)"
1487,43.37776,17.55557,481,961,66.49,50.748,0,"(707023.6718953418, 4805937.82650884)"
136298,43.26075425,17.69947314,480,900,56.07,21.241,0,"(719101.933868302, 4793310.382441801)"
923132,43.41633743,17.29287154,481,961,39.63,22.8682125,0,"(685624.2253861807, 4809603.482123961)"
131242,43.29281,17.76174,480,900,49.04,19.18098,0,"(724038.3136193397, 4797035.744150764)"
139984,43.22274,17.69134,480,900,56.37,79.221,0,"(718577.7408194442, 4789067.194419701)"
923634,43.158646,18.547353,481,961,22.34,34.82031,0,"(300599.8690784088, 4781352.625734007)"
1346,43.35162,17.68789,481,961,9.87,35.991,0,"(717836.7869444288, 4803371.768099373)"
133290,43.35112,17.79835,480,840,35.94,39.409,0,"(726791.1568314388, 4803610.695598574)"
920241,43.94001034,17.58122716,481,961,8.68,31.92,0,"(707158.6918371574, 4868449.078278225)"
138579,43.36692,17.42341,481,961,17.65,42.42,0,"(696352.1585704181, 4804414.220360538)"
139927,43.25686,18.11159,481,961,19.61,118.335,0,"(265547.330004834, 4793390.7882376155)"
307,43.19161515,17.68348718,481,961,47.33,45.175,0,"(718050.8662368355, 4785589.962560457)"
136524,43.3987235,17.34308833,481,961,15.82,40.295535,0,"(689744.7629457625, 4807760.358054507)"
136525,43.35986235,17.32323462,481,961,14.97,30.176223,0,"(688257.2096729109, 4803399.391102287)"
137380,44.06022889,17.44697028,481,961,7.85,2.693,0,"(695987.1431118819, 4881473.634672607)"
921969,43.37194,17.559,481,961,8.93,55.125,0,"(707321.3825821771, 4805299.969054471)"
1007,44.05671,17.44928,481,961,26.86,3.372,0,"(696183.7670122603, 4881088.283396173)"
920208,42.86648,18.41876,481,961,21.08,14.679168,0,"(289146.9714178556, 4749220.047556343)"
139814,43.41585,17.29739,481,961,20.62,16.678578,0,"(685991.5305580514, 4809559.424169056)"
1886,43.22527202,17.71125341,481,961,21.2,6.489,0,"(720185.9685951294, 4789400.661229354)"
141650,42.87176,18.43113,481,961,17.87,45.0555,0,"(290175.38531364733, 4749775.496810321)"
140975,43.37182,17.41506,480,720,15.82,8.652,0,"(695659.8311880075, 4804938.792671749)"
921561,43.207012,17.794347,481,961,28.02,6.841,0,"(727002.2673008076, 4787594.917632467)"
137663,43.25821,18.11214,480,900,59.04,78.991,0,"(265597.1590394152, 4793539.178527454)"
1938,43.25739,18.11307,481,961,23.09,19.227,0,"(265669.50230527343, 4793445.49836188)"
992,42.87157,18.43223,481,961,9.84,75.81,0,"(290264.5937648883, 4749751.654382401)"
921453,42.87564836,18.4274492,481,961,9.41,8.2908,0,"(289887.92382565106, 4750216.499865819)"
138343,42.87583,18.42721,481,961,9.24,15.300054,0,"(289869.0029939923, 4750237.2693299195)"
139129,42.88076,18.42669,481,961,11,22.918791,0,"(289843.2733465457, 4750786.066105413)"
1173,43.36396136,17.41756254,481,961,77.54,45.5532,0,"(695887.8887396879, 4804071.877872949)"
139381,43.87597,16.7711,481,961,16.77,4.534,0,"(642292.7650154631, 4859621.795847529)"
15362,42.92051,17.61339,481,961,17.29,66.213,0,"(713292.9820123569, 4755301.392442209)"
15031,43.82201,16.99546,480,900,26.97,49.892,0,"(660463.1127346304, 4854039.391848934)"
923170,42.927226,17.6109361,481,961,9.89,37.145,0,"(713069.5328944931, 4756041.0175004685)"
137637,43.65430986,17.75944763,481,961,19.76,15.51,0,"(722520.9040922186, 4837179.416224199)"
922111,43.344435,17.80768667,481,961,19.27,27.988,0,"(727572.8729623011, 4802893.673497973)"
15308,43.82444,16.99955,481,961,23.63,11.172,0,"(660785.4873968246, 4854317.228039682)"
1564,43.35497,17.81335,481,961,11.91,14.877,0,"(727992.4579693973, 4804079.190537564)"
922169,43.150043,17.603987,481,961,17.8,30.336,0,"(711734.3283704148, 4780768.828837687)"
136683,42.91088,17.63009,481,961,23.06,42.126,0,"(714689.4820539429, 4754274.4326136)"
142318,43.68816,17.07979,481,961,21.59,29.25153,0,"(667617.9195497069, 4839340.228700353)"
838,43.61349822,16.99472838,480,900,23.86,73.351,0,"(660961.7109090767, 4830879.527384969)"
142687,43.8232,17.00582,480,840,31.23,38.910816,0,"(661293.0120245836, 4854191.712699642)"
7552,43.195593,17.676524,480,840,26.04,32.67705,0,"(717470.8999401687, 4786013.613917355)"
1097,42.92083,17.61884,481,961,12.27,29.492484,0,"(713736.7021078323, 4755350.771082164)"
136677,42.92911629,17.60121876,481,961,8.54,3.8178,0,"(712269.9983123643, 4756226.360341613)"
1664,43.82746,17.00381,481,961,19.22,1.90449,0,"(661119.9169392893, 4854660.941550956)"
922656,43.8238559,17.0002729,481,961,19.83,1.87845,0,"(660845.1863251535, 4854253.759238907)"
922137,43.82281781,16.99424624,481,961,17.03,0.28665,0,"(660363.34442271, 4854126.759039596)"
1149,43.18971973,17.67991856,481,961,20.29,30.367575,0,"(717767.6227828589, 4785370.160954479)"
131251,43.18714077,17.67758632,480,900,44.12,73.811,0,"(717587.2657854185, 4785077.673215632)"
922014,43.363114,17.634783,480,900,7.81,4.536,0,"(713492.2835538911, 4804510.973944663)"
922045,42.92513,17.62246833,481,961,38.53,106.034,0,"(714017.9483206592, 4755837.539881124)"
920631,43.18446,17.68763,481,961,10.17,38.51862,0,"(718413.0432557864, 4784806.120586008)"
1077,42.91168,17.62751,481,961,45.14,91.146,0,"(714476.0943767586, 4754356.692930795)"
140062,43.61551,16.99988,481,961,11.35,21.488,0,"(661372.039909309, 4831112.963177743)"
131279,43.82316,17.00823,481,961,49.12,95.4,0,"(661486.9174048887, 4854191.972590163)"
131280,43.82438,17.00608,481,961,9.86,9.551661,0,"(661310.7408916554, 4854323.279122898)"
140048,43.20853,17.67161,481,961,9.88,76.44,0,"(717025.7163747617, 4787437.63181715)"
1075,42.90571,17.63831,481,961,17.59,8.776572,0,"(715378.5135804159, 4753721.296567644)"
142015,43.20407,17.66806,481,961,8.08,17.304,0,"(716753.1250322957, 4786933.096741848)"
969,43.1916308,17.67788673,481,961,30.71,13.192389,0,"(717595.716095855, 4785577.116549167)"
131820,43.66258412,17.76279503,480,840,34.49,62.755,0,"(722760.2309050388, 4838107.403297003)"
923845,43.658726,17.762443,481,961,26.31,26.760342,0,"(722746.1207550889, 4837677.9463941045)"
138131,43.8225,16.99941,481,961,16.17,5.1156,0,"(660779.4383405421, 4854101.485457827)"
922513,42.926086,17.615504,481,961,10.64,31.945515,0,"(713446.2614127937, 4755926.002415633)"
921194,43.82127212,17.00257824,481,961,15.88,1.0878,0,"(661037.513668083, 4853971.271765846)"
921195,43.77238815,17.00831753,481,961,17.11,4.84344,0,"(661630.8153299765, 4848553.07568661)"
923275,42.92855,17.6084,481,961,12.63,35.9394,0,"(712857.997712516, 4756181.62987361)"
922995,42.918835,17.623683,481,961,11.13,17.975,0,"(714138.8977264322, 4755141.539282057)"
1892,43.34702534,17.81660819,481,961,32.82,8.12721,0,"(728286.3127159458, 4803205.746014995)"
1648,43.65997622,17.76313835,481,961,17.2,122.332,0,"(722797.5647946638, 4837818.673025944)"
923737,43.70319,17.282785,481,961,17.68,17.35356,0,"(683932.4520389683, 4841439.986759032)"
1653,43.71704,17.23412,481,961,10.4,76.23,0,"(679969.7701171325, 4842871.404227268)"
135372,43.37121,17.84742,481,961,9.63,6.685,0,"(730692.008534636, 4805976.576962672)"
139214,43.38041,17.57933,481,961,17.12,3.426,0,"(708939.4098571198, 4806291.420388813)"
920300,43.11001558,17.70152194,480,840,56.3,47.492,0,"(719808.8327602538, 4776574.737378876)"
204,43.71837,17.21969,481,961,27.2,16.868,0,"(678803.3760252316, 4842987.882430417)"
923767,43.622175,17.258022,481,961,8.64,52.92,0,"(682182.1104080165, 4832387.369085972)"
138020,43.33819,17.80834,481,961,16.31,30.87,0,"(727649.1821731485, 4802201.868915535)"
920349,43.38179994,17.59534712,481,961,17.86,53.949,0,"(710232.1265278872, 4806486.061829393)"
920347,43.3838493,17.59254417,481,961,16.44,23.96,0,"(709997.9900713486, 4806706.603089725)"
920348,43.38893651,17.58360414,481,961,17.28,52.57,0,"(709256.3001605652, 4807249.116270674)"
145094,43.11971,17.74075,481,961,30.67,46.70295,0,"(722965.5523728043, 4777755.068838474)"
10703,43.47250393,17.33253785,481,961,12.25,15.993054,0,"(688660.8680049875, 4815930.590022663)"
1324,43.31139,17.83113,481,961,32.53,122.524,0,"(729597.6659350885, 4799287.838375789)"
923413,43.311751,17.830779,481,961,30.23,28.5256125,0,"(729567.839380544, 4799326.966337058)"
1518,43.47582956,17.32276225,481,961,29.42,20.27739,0,"(687859.8640550836, 4816277.830429213)"
131335,43.64127,17.23204,480,900,25.35,48.465207,0,"(680028.7363447571, 4834451.452334494)"
15323,43.57045516,17.2857266,481,961,25.98,3.213,0,"(684575.5408975249, 4826704.318279832)"
1684,43.34135,17.7989,481,961,37.23,18.1503,0,"(726872.1464450026, 4802527.107302291)"
1687,43.472493,17.327104,481,961,18.59,3.0219,0,"(688221.386797382, 4815917.073222311)"
7982,43.47243497,17.32707524,481,961,10.78,24.659418,0,"(688219.240748167, 4815910.563224478)"
883,43.34788,17.80341,481,961,24.31,2.352,0,"(727213.3574827748, 4803264.624882146)"
1436,43.34398,17.79799,481,961,9.38,86.52,0,"(726788.5823328625, 4802816.727688467)"
134004,43.08566,17.95966,481,961,15.03,33.9842475,0,"(740908.9402207899, 4774579.542678031)"
359,43.33684662,17.56057256,481,961,8.35,3.259452,0,"(707568.4487575665, 4801406.3493027575)"
138336,43.10545702,17.69812131,481,961,8.71,5.991888,0,"(719548.4315783044, 4776059.552436652)"
1782,43.08611841,17.93294632,481,961,8.71,5.9094,0,"(738732.6019300171, 4774554.001552449)"
921861,43.0822316,17.95978313,481,961,10.04,9.6201,0,"(740932.4104371959, 4774199.138450023)"
144631,43.70199188,17.21091498,481,961,16.61,4.3092,0,"(678145.0309675005, 4841149.932750399)"
140150,43.5422,17.41008,481,961,22.83,69.078,0,"(694708.5555615884, 4823849.970540794)"
133834,43.15725,17.90999,481,961,19.5,17.3922,0,"(736589.4241134328, 4782388.748838025)"
142115,43.7088,17.23035,481,961,15.66,5.46,0,"(679690.7015310248, 4841948.038280001)"
142710,43.37947,17.58648,481,961,9.81,84.84,0,"(709521.8596181836, 4806204.968102066)"
144045,43.3807987,17.59564519,481,961,7.9,10.92,0,"(710259.7346282976, 4806375.613306538)"
144000,43.39652565,17.5696173,481,961,8.93,42.84,0,"(708097.4202193998, 4808056.962780058)"
140167,43.71954,17.22775,481,961,16.12,21.945,0,"(679449.1570590085, 4843135.254163128)"
133685,43.33623,17.77225,481,961,16.19,6.321,0,"(724730.7588006511, 4801886.324605426)"
142854,43.71736,17.23237,481,961,18.91,20.09448,0,"(679827.8378941547, 4842903.145999621)"
923838,43.715532,17.228116,481,961,8.56,9.0006,0,"(679490.6095157446, 4842690.8936943915)"
142857,43.3468,17.7848,481,961,24.03,15.435,0,"(725708.9718953881, 4803094.144156505)"
871,43.1135752,17.7051397,481,961,38.1,38.713668,0,"(720090.4402957648, 4776979.5634344295)"
134513,43.048462,17.665945,481,961,67.23,38.325,0,"(717131.3874560582, 4769645.981994236)"
131297,43.06842,17.666886,481,961,38.64,76.798,0,"(717137.5432981123, 4771864.909197796)"
1760,43.12116036,17.68610501,481,961,19.3,14.2758,0,"(718514.6865714476, 4777772.12606786)"
144835,43.1358,17.82766,481,961,19.3,12.93831,0,"(729975.8960815782, 4779777.059124992)"
922810,43.112536,17.699729,481,961,10.16,17.92434,0,"(719653.9227268533, 4776849.949200542)"
1193,43.3431,17.77585,481,961,15.96,2.3562,0,"(724997.2138236705, 4802659.029721812)"
974,43.54227023,17.40419441,481,961,8.87,5.332026,0,"(694232.8229669724, 4823844.000333928)"
136404,43.72081319,17.22471171,481,961,12.66,84.347,0,"(679200.6150853481, 4843270.086856286)"
921276,43.35147,17.79922,481,961,32.79,18.568914,0,"(726860.3641969648, 4803651.933972509)"
27,43.35324,17.79377,481,961,40.41,129.78,0,"(726412.0676236062, 4803833.703836939)"
142559,43.38239,17.59165,481,961,8.26,0.667,0,"(709930.5977397707, 4806542.277483375)"
139540,43.38627,17.59284,481,961,10.4,6.203,0,"(710013.5906663318, 4806976.197105014)"
143349,43.22587009,17.69327508,481,961,26.06,63.649,0,"(718723.7066445233, 4789419.884939091)"
135889,43.22875863,17.69760633,481,961,18.67,7.522,0,"(719065.1160303188, 4789752.029671807)"
920629,42.70068264,18.3479284,481,961,9.3,18.085,0,"(282781.36383158166, 4730987.575868888)"
139112,44.05348,17.44787,480,840,12.52,83.656,0,"(696081.4902817518, 4880726.161353801)"
140812,44.05159,17.44171,480,840,25.8,21.754,0,"(695594.2703954682, 4880501.58556022)"
131269,44.04766052,17.45128327,480,840,36.3,89.641,0,"(696374.1483902022, 4880087.911433498)"
139661,43.34959,17.80376,480,900,25.3,20.412,0,"(727235.3413471971, 4803455.496095114)"
145259,43.34425513,17.8136708,481,961,64.22,15.044,0,"(728058.6048596903, 4802890.0421417905)"
920712,43.33832,17.79684,481,961,8.04,0.97776,0,"(726716.4431360868, 4802184.986025825)"
142763,43.34625,17.80035,481,961,8.04,0.97776,0,"(726971.4144508885, 4803075.260210573)"
139172,43.3784,17.40724,481,961,8.4,34.608,0,"(695005.1613754849, 4805651.255417933)"
1534,43.35282,17.79307,481,961,19.83,54.895,0,"(726356.8980291042, 4803785.157097652)"
137601,44.07059,17.44892,481,961,9.22,12.937785,0,"(696109.0761919353, 4882629.11194163)"
1353,43.37804,17.56356,481,961,14.25,61.329,0,"(707670.0009656566, 4805988.796910544)"
1748,43.34178,17.81311,481,961,9.28,1.73985,0,"(728022.4189807137, 4802613.61374657)"
131532,43.30208,17.82904,480,840,8.6,4.2861,0,"(729463.2108818964, 4798248.099097887)"
138540,43.25776,17.6799,481,961,29.15,14.377629,0,"(717523.8808444134, 4792926.688950605)"
140563,43.0766,17.94806,481,961,8.21,32.76,0,"(740000.0662152725, 4773540.056480969)"
137176,44.04974258,17.45038205,481,961,21.78,1.53006,0,"(696295.0688076124, 4880317.022046764)"
923930,43.228851,17.696795,481,961,16.03,11.284812,0,"(718998.8961478393, 4789760.162342605)"
1017,44.05547,17.45164,481,961,10.6,44.662,0,"(696376.9040475423, 4880956.1790415505)"
598,43.16733,18.53412,481,961,14.66,25.53705,0,"(299552.3945844553, 4782348.662494347)"
131468,43.20168914,17.66975427,481,961,9.12,16.59,0,"(716899.214635751, 4786673.071229404)"
1540,43.35065711,17.48231107,481,961,8.11,3.5511,0,"(701178.4359265263, 4802748.422969584)"
921675,43.34816,17.81305167,480,840,39.47,37.788,0,"(727993.792154571, 4803322.035724613)"
1186,43.35179,17.78064,481,961,31.97,75.826,0,"(725353.309557088, 4803637.097792653)"
7522,43.3515,17.80095,480,840,49.47,90.796,0,"(727000.4652016831, 4803659.973544125)"
138253,43.27848,17.60089,481,961,8.38,24.675,0,"(711038.8202041892, 4795025.183046632)"
137885,43.36399256,17.42213303,481,961,8.77,0.93345,0,"(696258.1341644722, 4804086.089207851)"
371,43.35337,17.79343,481,961,8.79,2.2113,0,"(726384.0285132407, 4803847.21895274)"
131472,43.34159,17.81442,481,961,22.28,0.4998,0,"(728129.3207738886, 4802596.093952243)"
884,43.34807,17.80836,481,961,9.27,1.1109,0,"(727613.8579732864, 4803299.224652824)"
131473,43.34062,17.80757,481,961,8.78,1.3335,0,"(727577.6779968765, 4802469.650374457)"
131474,43.40957,17.87506,481,961,8.53,1.7136,0,"(732784.4653401595, 4810313.852308442)"
1281,43.34294,17.81407,481,961,31.25,15.766443,0,"(728095.8909440187, 4802745.071625067)"
145214,43.35020399,17.79493519,481,961,35.62,18.806,0,"(726517.801448994, 4803499.679920419)"
141675,43.381855,17.591581,481,961,15.5,0,0,"(709926.8556004589, 4806482.685372124)"
136707,43.38879362,17.37056621,481,961,22.53,1.9215,0,"(692001.3763794365, 4806720.457556644)"
239,43.36807958,17.42099577,481,961,31.6,54.0771,0,"(696152.8044896648, 4804537.322814284)"
133658,43.35028,17.78358,481,961,10.05,8.387568,0,"(725597.1864318913, 4803477.341787186)"
387,43.2584888,18.11349922,481,961,11.14,21.857304,0,"(265708.56038931385, 4793566.329402761)"
494,43.31416565,17.38825136,481,961,25.48,14.960568,0,"(693671.1119954439, 4798473.10066517)"
136151,42.87295,18.42446,481,961,21.91,13.986,0,"(289634.59830523445, 4749924.303851021)"
499,44.07279459,17.44759255,481,961,8.61,8.87796,0,"(695995.4917361229, 4882870.8201531125)"
133291,43.33916,17.80854,480,840,46.71,46.989,0,"(727661.768133961, 4802310.145688988)"
921968,42.88264811,18.42726946,481,961,9.15,42.9555,0,"(289897.01023453317, 4750994.301949029)"
138841,42.87185,18.43088,481,961,8.97,87.78,0,"(290155.2694665361, 4749786.1150666075)"
142177,43.08159,17.96176,481,961,8.64,43.26,0,"(741095.8599495916, 4774133.56778727)"
144414,43.34346771,17.80360758,481,961,8.26,21,0,"(727245.8443554563, 4802775.121787242)"
145240,43.1568758,17.91103418,481,961,8.66,43.953,0,"(736675.7688356694, 4782350.142364936)"
143637,43.08289,17.95831,481,961,10.96,103.45125,0,"(740809.9065667954, 4774268.026182299)"
506,43.36862789,17.42918857,481,961,9.6,16.513728,0,"(696814.8469299349, 4804617.523871475)"
135887,43.34289,17.80943,481,961,19.64,7.3899,0,"(727719.9626028807, 4802726.839621311)"
1089,43.34349087,17.42895657,481,961,12.55,44.3811165,0,"(696877.3501326051, 4801825.231090335)"
921560,43.37293062,17.41121107,481,961,23.84,16.937382,0,"(695344.4265525219, 4805053.114864765)"
142178,43.08198,17.95363,481,961,8.78,37.45875,0,"(740432.487921153, 4774153.523945239)"
921224,43.34888233,17.78906488,481,961,8.94,9.35697,0,"(726046.924106258, 4803336.964516705)"
922004,43.38719,17.49213,481,961,24.17,8.8704,0,"(701852.974045488, 4806829.554192299)"
920707,43.34452167,17.800555,481,961,12.99,22.806504,0,"(726994.4759525183, 4802883.864481769)"
922852,43.18916,17.67864,481,961,8.33,4.44339,0,"(717665.7138481525, 4785304.669715362)"
15121,43.34244532,17.42992216,481,961,27.78,10.97523,0,"(696959.0002639655, 4801711.390596226)"
441,43.29506012,17.76315952,481,961,15.42,41.977,0,"(724145.2026646392, 4797289.457051286)"
135439,42.87255,18.43057,481,961,11.69,54.676,0,"(290132.32096686255, 4749864.62611652)"
138096,43.33069,17.81663,480,900,22.25,18.803,0,"(728349.3405936459, 4801391.556255751)"
138088,43.34181,17.81323,480,900,48.9,63.451,0,"(728032.0339142348, 4802617.273699553)"
138097,43.33943,17.81424,480,900,29.47,30.309,0,"(728122.8234679488, 4802355.705863462)"
923927,43.624089,17.308431,481,961,7.77,1.197,0,"(686243.4133587664, 4832711.824308147)"
138116,43.70766,17.23005,481,961,8.07,2.32,0,"(679669.9380883552, 4841820.772588739)"
15030,43.47037,17.33143,480,900,43.4,9.16755,0,"(688577.8984585811, 4815691.07973347)"
1112,43.11149604,17.70197296,480,840,11.59,32.4933,0,"(719840.2288437181, 4776740.338958082)"
1178,43.19608921,17.56051326,481,961,12.37,47.76072,0,"(708042.7840579685, 4785773.634048995)"
1747,43.37811,17.55402,481,961,8.8,11.092746,0,"(706896.9125728657, 4805972.850210387)"
131460,43.11702541,17.69645834,480,840,19.75,10.694187,0,"(719371.7547365414, 4777339.966692063)"
136700,43.08876243,17.71949315,481,961,22.51,27.956166,0,"(721347.7358441027, 4774261.701559191)"
1243,43.32111,17.81938,481,961,19.49,69.507,0,"(728608.2517681659, 4800335.106783884)"
920704,43.7021563,17.21088516,481,961,33.5,37.1528955,0,"(678142.1414295969, 4841168.129590725)"
139148,43.60664,17.27103,481,961,11.72,35.4524625,0,"(683278.8509692714, 4830690.613252333)"
144321,43.35043,17.80132,481,961,7.92,11.55,0,"(727034.4446391524, 4803542.143414549)"
921709,43.344435,17.80768667,481,961,8.36,3.6855,0,"(727572.8729623011, 4802893.673497973)"
144863,43.35046,17.79582,481,961,10.31,2.29845,0,"(726588.5617643911, 4803530.516822861)"
882,43.35007,17.79767,481,961,22.51,0.21525,0,"(726739.955899007, 4803492.230487266)"
131459,43.34648,17.79849,481,961,13.41,7.7112,0,"(726819.7952741941, 4803095.744487308)"
138199,43.34727,17.79989,481,961,8.13,5.075616,0,"(726930.3262563554, 4803187.2925885385)"
136942,43.10904,17.70146,481,961,50.35,25.581234,0,"(719807.2864862981, 4776466.228169592)"
923591,43.3418,17.81349,481,961,48.23,11.34,0,"(728053.1472005151, 4802616.8739300165)"
141548,43.08996,17.69774,481,961,29.23,12.92214,0,"(719572.811059959, 4774337.476844941)"
133688,43.43655088,17.85878056,481,961,17.49,4.342485,0,"(731363.4482989664, 4813265.101290441)"
133703,43.43229706,17.86367291,481,961,24.79,6.872733,0,"(731775.6567932143, 4812806.259417335)"
1539,43.35025,17.8009,481,961,25.8,2.49942,0,"(727001.0753221118, 4803521.008763768)"
326,43.40788,17.87478,481,961,15.28,40.025685,0,"(732768.2708153356, 4810125.371380391)"
920697,43.193666,17.5677448,480,840,51.47,82.518,0,"(708638.6359197521, 4785522.525846628)"
414,43.33848,17.79858,481,961,8.21,8.568,0,"(726856.9008594961, 4802207.48681044)"
922265,43.360384,17.802273,481,961,8.1,6.342,0,"(727074.5347347214, 4804650.259588285)"
2198,43.13654,17.78489,481,961,8.12,12.6,0,"(726494.4607953083, 4779742.653929355)"
1199,43.3547,17.79994,481,961,24.88,11.55,0,"(726906.6744034418, 4804012.626281582)"
136504,43.36129334,17.80366115,481,961,8.87,4.888317,0,"(727183.6290890151, 4804755.035115982)"
922098,43.71458514,17.23908691,481,961,8.01,0.315,0,"(680377.256770161, 4842609.552146277)"
139545,43.72417,17.22388,481,961,9.9,6.67065,0,"(679123.6123678418, 4843641.116620899)"
921372,43.31392833,17.82986167,480,840,20.57,31.007,0,"(729485.2429226418, 4799566.263465868)"
141028,43.2072,17.64629,480,900,19.3,64.26,0,"(714973.4504971849, 4787224.519518447)"
142598,43.349088,17.8124599,481,961,8.59,2.633,0,"(727942.3524350746, 4803423.484557798)"
10813,43.20796107,17.66911054,481,961,14.7,47.152,0,"(716824.6824558205, 4787367.9624628415)"
136040,43.66250651,17.75966221,481,961,7.79,1.858,0,"(722507.913607278, 4838090.372007456)"
922202,43.343041,17.798946,481,961,17.14,43.26,0,"(726869.5732469981, 4802715.039624073)"
920456,43.30797023,17.82298285,481,961,7.78,1.5498,0,"(728949.7666379885, 4798885.648171892)"
144514,43.82164215,17.00832509,481,961,8.73,12.0603,0,"(661498.6573105674, 4854023.574843864)"
743,43.24246863,17.65760923,480,840,30.48,13.608,0,"(715768.5008623819, 4791170.622956865)"
922557,43.333182,17.8154,481,961,17.72,34.322,0,"(728240.2773773258, 4801664.958598362)"
920365,43.66067736,17.76222312,481,961,13.69,10.00335,0,"(722721.1712538026, 4837894.088203406)"
141898,43.82382,17.00488,481,961,11.36,6.07215,0,"(661215.7537759165, 4854258.741724211)"
15261,43.2930298,17.76163602,481,961,7.86,10.5,0,"(724029.0706690528, 4797059.876517253)"
138954,43.19723114,17.66911054,481,961,10.24,15.228,0,"(716862.7135454183, 4786176.296786509)"
143676,43.804,16.99476,481,961,8.41,20.16,0,"(660455.054659133, 4852037.716695029)"
131281,43.80397,16.99452,481,961,16.46,84.887,0,"(660435.8294563642, 4852033.919287332)"
142135,42.92786,17.61515,481,961,8.64,43.26,0,"(713411.2420956066, 4756122.115939457)"
133682,43.30804,17.82271,481,961,7.77,0.636,0,"(728927.3747952863, 4798892.648537864)"
141810,43.18459,17.68755,481,961,9.55,33.4971,0,"(718406.0778622075, 4784820.349498325)"
134087,43.65449616,17.75906139,481,961,7.86,2.10987,0,"(722489.0683102637, 4837199.071791668)"
138622,43.34756,17.79552,481,961,7.92,10.5,0,"(726575.0428341075, 4803207.619383325)"
922468,43.66299,17.7623,481,961,8.27,1.0482675,0,"(722718.8141731712, 4838151.15358696)"
285,43.83042464,16.9932639,481,961,12.34,95.577384,0,"(660263.9884299343, 4854969.724737326)"
139542,43.71295,17.23745,481,961,9.6,56.871,0,"(680250.2902808138, 4842424.38159822)"
137635,43.31353178,17.82928296,481,961,30.89,22.774,0,"(729439.8040354911, 4799520.62997077)"
142542,43.18853,17.64911,481,961,8.33,17.304,0,"(715268.217185864, 4785158.286703681)"
138277,43.11064,17.699565,481,961,17,4.662,0,"(719647.3641649378, 4776638.951767723)"
142677,43.26047,17.88067,481,961,26,52.404,0,"(733810.5544534407, 4793770.027952299)"
131470,43.47386757,17.32754731,481,961,10.71,23.106,0,"(688252.9745620097, 4816070.739083234)"
15204,43.34455,17.80581,480,840,19.79,2.268,0,"(727420.3257095045, 4802901.326835061)"
15207,43.33777,17.80771,480,840,29.32,32.054,0,"(727599.6808443983, 4802153.50336192)"
135579,43.34296,17.81269,480,840,49.5,92.635,0,"(727983.954128433, 4802743.519825157)"
140493,43.37811,17.55401,481,961,8.32,3.255,0,"(706896.1024584365, 4805972.825392025)"
144394,43.11415665,17.71312219,481,961,15,19.911,0,"(720737.8375576995, 4777065.142974307)"
922773,43.346327,17.817195,481,961,18,19.456,0,"(728336.4957599042, 4803129.792721767)"
10821,43.3814385,17.86956573,481,961,17.54,7.902,0,"(732447.1879084727, 4807174.116809695)"
922121,43.35466,17.79733,481,961,8.08,17.304,0,"(726695.2996046029, 4804001.085057611)"
142179,43.10786,17.71438,481,961,17.15,15.301,0,"(720862.83528388, 4776369.159642357)"
921663,43.40809833,17.87127167,481,961,9.17,6.458,0,"(732483.3550578271, 4810139.823257951)"
136403,43.72753544,17.27353865,481,961,10.8,42.986,0,"(683113.2328625943, 4844123.466061684)"
920619,44.19628143,17.42776036,481,961,12,8.486,0,"(694002.4112513514, 4896539.917747602)"
138093,43.32767302,17.82233471,480,900,15,7.929,0,"(728823.189122909, 4801072.112931636)"
138095,43.25759807,17.89494479,480,900,20,34.645,0,"(734980.2871612231, 4793491.121467852)"
136590,42.7104,18.3512,481,961,10,0.733,0,"(283083.2009952449, 4732058.297588822)"
1096,43.39015,17.48427,481,961,8.15,11.089,0,"(701206.5233826109, 4807139.293194117)"
132470,43.3614283,17.57430169,481,961,10,23.1,0,"(708597.163653911, 4804170.682737098)"
921437,44.14417899,17.3959625,480,840,22,68.962,0,"(691630.1269308798, 4890678.076975515)"
131271,44.04291,17.45188,480,840,20,68.377,0,"(696437.6617173887, 4879561.683722211)"
136139,43.84171,17.17332,481,961,7.87,5.439,0,"(674708.3378302963, 4856587.873656835)"
15022,43.3444,17.81322,480,900,15,6.157,0,"(728021.521410858, 4802904.899262031)"
15025,43.19769,17.5463,480,900,11.83,23.997,0,"(706882.4898906606, 4785916.163481424)"
1584,42.72028,18.35786,481,961,20,62.533,0,"(283662.98308085254, 4733138.400360445)"
398,43.26749,17.83281,481,961,12.41,17.822,0,"(729899.3432736673, 4794416.830540005)"
131456,43.38069,17.58241,480,840,15,8.432,0,"(709187.9526119103, 4806330.2424022425)"
137232,43.32651,17.82499,481,961,8.08,3.483,0,"(729042.8529160505, 4800950.230940884)"
922170,43.15869157,17.63928627,481,961,8.04,0.978,0,"(714574.4174764582, 4781819.217028882)"
10706,43.18099187,17.51800561,481,961,11.81,27.195,0,"(704639.3392536216, 4783992.093717004)"
1047,43.19804455,17.54583621,480,840,20,74.96,0,"(706843.6077271157, 4785954.392494523)"
1048,43.23378182,17.48850024,480,840,35,133.112,0,"(702066.8827892791, 4789783.154937471)"
15200,43.99059,17.27981,480,840,15,19.046,0,"(682812.4003416495, 4873354.468075992)"
15205,43.33748,17.80009,480,840,30.5,14.399,0,"(726983.0374199176, 4802100.531870059)"
144817,42.71105,18.34056,480,840,12.36,25.739,0,"(282214.0885871552, 4732157.880903223)"
922090,44.14458972,17.39382312,480,840,11.44,28.543,0,"(691457.6869934377, 4890718.714028627)"
1082,43.387208,17.591035,481,961,15,15.982,0,"(709864.1460629165, 4807075.827218082)"
1480,42.70812,18.34709,481,961,20,9.014,0,"(282738.6457805382, 4731815.668994536)"
118,42.71806,18.3462,481,961,15,20.454,0,"(282700.46114487614, 4732921.8208852345)"
132580,43.20028138,17.57759357,481,961,15,5.575,0,"(709416.2791375627, 4786281.837963931)"
1079,43.3742,17.60264,481,961,10,18.9,0,"(710849.2500013402, 4805660.41406156)"
139097,43.19142743,17.49985242,480,900,15,11.773,0,"(703129.3330617752, 4785106.81586816)"
131241,43.36667957,17.66390735,480,900,8.09,23.1,0,"(715839.6307245314, 4804981.956477668)"
131243,43.37883011,17.60266715,480,900,22,81.505,0,"(710835.3957959445, 4806174.713317164)"
131244,43.37845,17.59686,480,900,13,17.743,0,"(710366.2698528313, 4806117.8264703)"
922526,43.192894,17.539936,481,961,15,64.043,0,"(706381.5768747817, 4785367.802971109)"
923183,43.1927583,17.5401808,481,961,20,59.235,0,"(706401.9264715731, 4785353.336244375)"
923686,43.386123,17.581203,481,961,20,51.238,0,"(709071.4913775696, 4806930.615545935)"
131717,42.94815,18.09405,481,961,15,28.035,0,"(262934.30827973934, 4759154.854102719)"
135850,42.70181,18.34876,481,961,15,15.669,0,"(282853.41182565456, 4731110.632242487)"
135499,43.37543008,17.58881086,481,961,7.82,3.228,0,"(709724.615031475, 4805762.146699766)"
144653,43.28187,17.83479,480,840,15,17.421,0,"(730005.8294517673, 4796019.354248596)"
219,43.19973391,17.57997536,481,961,15,4.375,0,"(709611.6712167677, 4786227.002647413)"
1418,43.35185,17.80429,481,961,10,30.114,0,"(727269.8580614807, 4803707.942649892)"
1084,43.39383,17.57821,481,961,8.11,2.767,0,"(708802.5784960487, 4807779.070141329)"
156,43.1982479,17.54493499,481,961,15,16.408,0,"(706769.6953738134, 4785974.748118373)"
1774,42.72212,18.35383,481,961,12.41,38.296,0,"(283339.3969188032, 4733353.075865303)"
138766,42.71031,18.35066,481,961,11.96,11.545,0,"(283038.66279837134, 4732049.690794699)"
921745,44.14353912,17.39380057,480,840,25,136.624,0,"(691459.2809741677, 4890601.967554117)"
923209,44.146172,17.39155,481,961,7.95,11.036,0,"(691270.7675626026, 4890889.17272432)"
1374,43.18142998,17.51678252,481,961,20,47.048,0,"(704538.4705916101, 4784037.759008965)"
145190,43.9845416,17.27298181,481,961,11.13,31.3,0,"(682283.3728819734, 4872667.550383013)"
144279,43.37814726,17.55343816,481,961,10,12.5,0,"(706849.6501287133, 4805975.544513112)"
547,43.98758,17.2757,481,961,25,120.805,0,"(682492.050416306, 4873011.040198921)"
920359,42.71111,18.35247,481,961,11.69,22.289,0,"(283189.6835204965, 4732133.881673969)"
137665,42.95202,18.08555,480,900,20,43.98,0,"(262255.74881911, 4759608.667256962)"
922863,43.33881,17.81903,481,961,17.79,12.073,0,"(728513.4473677403, 4802299.9583071275)"
131762,43.36655,17.64331,481,961,15,17.227,0,"(714171.1441807658, 4804914.451649461)"
526,43.99062151,17.2798356,481,961,15,21.861,0,"(682814.3564090787, 4873358.024680551)"
1356,43.35237344,17.47782641,481,961,7.92,11.55,0,"(700809.3016566556, 4802928.233864131)"
136498,43.27371,17.83456,481,961,15,10.185,0,"(730017.9284328816, 4795112.454363266)"
920812,43.306728,17.821438,481,961,8.32,4.725,0,"(728829.1337820448, 4798743.446359801)"
1862,43.0512045,17.67280126,481,961,8.19,6.426,0,"(717680.1265184226, 4769968.330602526)"
1717,43.47712,17.31809,481,961,8.78,54.39,0,"(687477.9797015642, 4816410.614093841)"
1686,43.38225,17.59335,481,961,17.78,43.329,0,"(710068.7914520884, 4806531.011585546)"
139379,43.47374,17.32633,481,961,9.41,53.235,0,"(688154.9110881797, 4816053.818105939)"
140751,43.35578,17.81342,481,961,11.74,65.1,0,"(727995.0959081579, 4804169.343023804)"
1587,43.11185,17.71222,480,900,9.87,112.476,0,"(720672.7262892149, 4776806.592006474)"
922387,43.34108,17.805871,481,961,9.22,46.218,0,"(727438.2344037126, 4802516.105073926)"
923709,43.472595,17.326775,481,961,7.82,3.22812,0,"(688194.4590514944, 4815927.657626585)"
7779,43.35132,17.80488,481,961,13.5,1.499,0,"(727319.6557946624, 4803650.687369002)"
131267,44.05592,17.44936,480,840,27,113.739,0,"(696192.7850389772, 4881000.726822078)"
15028,43.37047,17.41708,480,900,11,1.121,0,"(695827.83641546, 4804793.602044875)"
137633,43.31375817,17.83000179,481,961,12,2.515,0,"(729497.2475358797, 4799547.750036877)"
922848,43.41633743,17.29287154,481,961,11,3.213,0,"(685624.2253861807, 4809603.482123961)"
131466,43.36742443,17.42228323,481,961,11.5,6.107,0,"(696259.2336862285, 4804467.590400322)"
775,43.33812,17.81055,481,961,16,3.346,0,"(727828.5992570185, 4802200.128354926)"
921301,43.35442352,17.80005933,480,900,31,64.564,0,"(726917.3763723333, 4803982.244298623)"
136150,43.25605,18.11699,481,961,12,9.5235,0,"(265982.5671844168, 4793285.686308796)"
143907,43.25737,18.11082,481,961,20.5,81.299,0,"(265486.78465277713, 4793449.591300106)"
136886,43.24165581,17.70664001,481,961,13.5,9.0657,0,"(719752.3656673068, 4791208.114145577)"
139822,43.41941,17.2833,481,961,10.5,1.85787,0,"(684839.9662639027, 4809923.44602474)"
131742,42.8691,18.42558,481,961,17.5,37.681,0,"(289713.0033617424, 4749493.945655786)"
957,44.07382749,17.44840794,481,961,14,56.385,0,"(696057.3747005283, 4882987.488767821)"
