ROUTE_ID,CUSTOMER_NUMBER,CUSTOMER_CODE,CUSTOMER_LATITUDE,CUSTOMER_LONGITUDE,CUSTOMER_TIME_WINDOW_FROM_MIN,CUSTOMER_TIME_WINDOW_TO_MIN,NUMBER_OF_ARTICLES,TOTAL_WEIGHT_KG,TOTAL_VOLUME_M3,CUSTOMER_DELIVERY_SERVICE_TIME_MIN, 
2946091,1,138087,43.41305,17.87588,480,900,42,64.318,0.32,19.94, 
2946091,2,138157,43.135963,17.776839,480,900,14,17.553,0.046,11.36, 
2946091,3,26,43.46907801,17.33702249,481,961,4,6.378,0.041,8.73, 
2946091,4,478,43.70716,17.2229,481,961,5,16.375,0.046,9.1, 
2946091,5,921127,43.08222786,17.96003741,480,840,16,18.939,0.074,11.99, 
2946091,6,15076,43.46470189,17.31043644,481,961,10,25.334,0.097,10.64, 
2946091,7,921302,43.35266,17.80444,480,900,120,582.802,5,53.03, 
2946091,8,454,43.48189308,17.30045863,481,961,5,364.289,3,18.18, 
2946091,9,1408,43.35459,17.79902,480,900,5,109.573,0.308,11.08, 
2946091,10,922636,43.396088,17.871369,481,961,10,24.46,0.061,10.49, 
2946091,11,141727,43.71657,17.23185,481,961,2,5.957,0.039,8.22, 
2946091,12,15027,43.11036,17.70165,480,900,11,12.978,0.025,10.48, 
2946091,13,137381,43.71619,17.2317,480,900,28,32.848,0.11,15.27, 
2946091,14,1998,43.54998018,17.42732548,481,961,1,4.826,0.061,8.05, 
2946091,15,922451,43.475001,17.325417,481,961,1,9.289,0.024,7.94, 
2946091,16,1425,43.33841,17.79242,481,961,1,25.956,0.058,8.24, 
2946091,17,1016,43.111171,17.69928539,481,961,36,172.633,2,21.57, 
2946091,18,131768,43.34568,17.80545,481,961,1,15.75,0.028,8.02, 
2946091,19,131511,43.36378,17.82157,480,840,13,30.806,0.073,11.35, 
2946091,20,132462,43.32605,17.82229,480,840,5,6.474,0.029,8.93, 
2946091,21,922334,43.224819,17.695885,481,961,1,6.294,0.013,7.87, 
2946091,22,15221,43.71695937,17.23264032,481,961,5,20.065626,0.042516,9.12, 
2946091,23,136836,43.46991226,17.3333838,481,961,6,6.859629,0.030696,9.19, 
2946091,24,10825,43.36369616,17.8181746,481,961,10,15.429162,0.048828,10.35, 
2946091,25,921872,43.34521,17.7901,481,961,1,34.608,0.077616,8.4, 
2946091,26,138142,43.71342,17.23878,481,961,2,7.9128,0.051564,8.29, 
2946091,27,923142,43.429906,17.7661,481,961,6,16.904937,0.068292,9.45, 
2946091,28,1118,43.11155,17.71267,480,900,2,74.042,0.217,9.61, 
2946091,29,144680,43.58691037,17.29854226,481,961,15,33.29655,0.084984,11.92, 
2946091,30,143559,43.71763,17.22673,481,961,20,25.24725,0.078468,13.07, 
2946091,31,131332,43.71489,17.22924,480,900,1,0.617,0.004,7.77, 
2946091,32,131334,43.71959,17.22727,480,900,12,36.1935,0.07518,11.16, 
2946091,33,131336,43.63608,17.30644,480,900,9,15.4917,0.062796,10.16, 
2946091,34,131337,43.72212,17.22354,480,900,16,21.1785,0.066276,11.98, 
2946091,35,2038,43.4744,17.32819,481,961,1,311.472,1,13.63, 
2946091,36,131469,43.10913847,17.69950533,481,961,6,17.8185,0.072456,9.47, 
2946091,37,739,43.20614682,17.78742814,480,840,7,12.778248,0.0552,9.6, 
2946091,38,738,43.07658527,17.71537328,480,840,14,54.601,0.165,12.21, 
2946091,39,7521,43.47523786,17.32810521,480,840,6,16.6022325,0.085212,9.51, 
2946091,40,7930,43.1377,17.77995,480,840,6,17.72295,0.042192,9.34, 
2946091,41,7935,43.083,17.95873,480,840,17,33.493,0.131,12.61, 
2946091,42,7945,43.07982,17.94985,480,840,17,74.71,0.534,14.69, 
2946091,43,7959,43.71882,17.23422,480,840,32,128.678,1.2,18.88, 
2946091,44,15203,43.11035251,17.70323897,480,840,50,122.772,0.461,23.09, 
2946091,45,15208,43.3503,17.80166,480,840,91,510.983,1.992,43.42, 
2946091,46,15253,43.35379,17.79422,480,840,1,311.472,0.699,13.63, 
2946091,47,143115,43.46942,17.32524,480,840,25,81.665,1,16.44, 
2946091,48,921336,43.35442352,17.80005933,480,840,26,56.486,0.465,16.48, 
2946091,49,137670,43.05872263,17.7067473,481,961,15,28.4072145,0.101688,11.94, 
2946091,50,921733,43.4733,17.32598,481,961,2,40.590984,0.081036,8.72, 
2946091,51,142110,43.72387,17.22431,481,961,2,0.867,0.002,8.02, 
2946091,52,139187,43.46798,17.33015,481,961,22,11.4282,0.036024,13.26, 
2946091,53,1934,43.70177,17.21097,481,961,4,1.008,0.003,8.52, 
2946091,54,922075,43.11211,17.70017,481,961,1,11.55,0.217,8.76, 
2946091,55,922805,43.111334,17.699419,481,961,4,0.98,0.003,8.52, 
2946091,56,922327,43.345545,17.799215,481,961,15,46.6,0.296,12.93, 
2946091,57,136510,43.12315,17.86405,481,961,8,11.88159,0.069564,9.9, 
2946091,58,139168,43.26342,17.87914,481,961,44,175.067,0.786,23.44, 
2946091,59,923589,43.12712827,17.67978971,481,961,22,40.221,0.103,13.81, 
2946091,60,923590,43.34687,17.79848,481,961,166,691.325,8.647,70.78, 
2946091,61,593,43.12445,17.86164,481,961,24,53.556,0.224,14.94, 
2946091,62,1439,43.32738,17.82022,481,961,20,32.076,0.132,13.36, 
2946091,63,922197,43.117092,17.697722,481,961,12,23.21,0.116,11.2, 
2946091,64,1654,43.62293339,17.25656563,481,961,4,39.606,0,8.88, 
2946091,65,131249,43.34937,17.80554,480,900,5,5.213,0.02,8.88, 
2946091,66,131250,43.32004,17.81924,480,900,16,34.52358,0.096156,12.23, 
2946091,67,131247,43.34828,17.79084,480,900,15,11.1824895,0.028056,11.47, 
2946091,68,131248,43.40848,17.87487,480,900,36,185.692,0.594,20.74, 
2946091,69,921003,43.3526515,17.79721674,480,900,14,26.85585,0.0894,11.63, 
2946091,70,922910,43.0791928,17.9500538,481,961,44,110.562,0.411,21.27, 
2946091,71,132531,43.33978,17.80215,480,900,30,94.701,0.202,16.74, 
2946091,72,144561,43.10746,17.70177,480,900,49,121.641,0.392,22.54, 
2946091,73,1644,43.3235,17.83111,481,961,166,582.715,3,64.44, 
2946091,74,606,43.48842525,17.28596234,481,961,2,67.578,0.143,9.24, 
2946091,75,923951,43.71415,17.23876,481,961,1,0.932,0.006,7.79, 
2946091,76,10538,43.71415,17.23875,481,961,16,283.201,0.413,15.92, 
2946091,77,138650,43.47312,17.29732,481,961,1,17.304,0.038808,8.08, 
2946091,78,144439,43.47489535,17.32889195,481,961,1,78.75,0.139,9.08, 
2946091,79,922957,43.37312,17.60525,481,961,1,1.782,0.006,7.79, 
2946091,80,142995,43.338239,17.810566,481,961,6,36.854,0.129,9.89, 
2946091,81,133394,43.13381,17.77357,481,961,4,6.233,0.019,8.64, 
2946091,82,133395,43.08457827,17.71831298,481,961,3,23.94,0.039036,8.64, 
2946091,83,923124,43.351954,17.802762,481,961,1,43.26,0.09702,8.57, 
2946091,84,7634,43.3059,17.82088,480,840,77,477.668,3.5,39.94, 
2946091,85,135717,43.3726,17.84617,481,961,4,4.725,0.022,8.64, 
2946091,86,145229,43.37916,17.60656,481,961,6,45.8472,0.069648,9.73, 
2946091,87,1387,43.4646396,17.34455414,481,961,31,14.9170665,0.070632,15.69, 
2946091,88,921035,43.47431317,17.32787704,481,961,6,35.898408,0.10122,9.76, 
2946091,89,923716,43.135148,17.832879,481,961,18,25.886616,0.09564,12.65, 
2946091,90,139432,43.36661,17.63372,481,961,1,118.125,0.208,9.74, 
2946091,91,921932,43.10820519,17.71376174,481,961,7,29.293,0.131,10.07, 
2946091,92,922911,43.763243,17.230827,481,961,2,13.02,0.015,8.19, 
2946091,93,923700,43.377547,17.851378,481,961,18,11.299407,0.053136,12.33, 
2946091,94,920968,43.35491764,17.81399424,481,961,14,7.35966,0.033744,11.21, 
2946091,95,921042,43.71562,17.22894,481,961,5,26.295192,0.100836,9.42, 
2946091,96,145171,43.47044321,17.33773203,481,961,6,2.748,0.009,9.06, 
2946091,97,145160,43.37824092,17.56334723,481,961,9,17.22042,0.063684,10.18, 
2946091,98,140401,43.35868,17.81705,481,961,15,12.497457,0.051288,11.58, 
2946091,99,921231,43.0824,17.95968,481,961,2,14.09205,0.0321,8.27, 
2946091,100,133893,43.71374,17.23062,481,961,3,37.8,0.101376,9.03, 
2946091,101,923322,43.33346,17.81523,481,961,2,3.219,0.02,8.12, 
2946091,102,136297,43.39054161,17.48520785,481,961,1,10.08,0.02,7.93, 
2946091,103,1676,43.1094,17.70362,481,961,3,0.598,0.002,8.26, 
2946091,104,1805,43.38176,17.59155,481,961,8,172.647,0.523,13.32, 
2946091,105,923762,43.715555,17.230788,481,961,4,25.716,0.149,9.36, 
2946091,106,140023,43.46984,17.32242,481,961,7,87.056,0.111,10.54, 
2946091,107,1665,43.71608,17.23162,481,961,5,2.872,0.006,8.8, 
2922001,1,138642,44.05173,17.43951,481,961,4,118.02,0.155,10.27, 
2922001,2,1080,43.37812828,17.60419065,481,961,3,12.6,0.037,8.53, 
2922001,3,138315,43.34449,17.80252,481,961,13,2.059,0.008,10.8, 
2922001,4,587,43.22818015,17.69631887,481,961,17,48.009,0.226,13.15, 
2922001,5,921607,43.22861,17.70194,481,961,21,48.21,0.107,13.65, 
2922001,6,135890,43.22796126,17.69842172,481,961,14,12.025,0.063,11.38, 
2922001,7,138089,43.34414,17.80873,480,900,33,40.895,0.177,16.88, 
2922001,8,140114,43.16738,18.52954,481,961,6,1.442,0.004,9.03, 
2922001,10,920597,43.18526869,17.67822151,481,961,4,10.269,0.043,8.78, 
2922001,11,142817,43.34895,17.80541,481,961,3,10.742,0.006,8.38, 
2922001,12,920532,44.08039739,17.44696406,480,840,9,17.021,0.079,10.24, 
2922001,13,923922,44.053414,17.44371,481,961,14,32.191,0.196,12.12, 
2922001,14,352,43.37012299,17.42603832,481,961,27,72.697,0.268,16.06, 
2922001,15,924068,44.070345,17.446652,481,961,14,50.11,0.266,12.59, 
2922001,16,137731,43.36458,17.82233,480,900,213,1358.801,8.318,95.85, 
2922001,17,920120,44.05408739,17.43662959,480,900,89,652.728,2.507,46.41, 
2922001,18,138643,44.05306,17.44433,481,961,4,90.93,0.113,9.84, 
2922001,19,920105,43.83979,17.17697,481,961,3,11.669,0.027,8.47, 
2922001,20,922636,43.396088,17.871369,481,961,20,36.986,0.182,13.61, 
2922001,22,141004,43.39097,17.48361,481,961,2,2.982,0,8.03, 
2922001,23,923163,43.207427,17.668477,481,961,16,99.254,0.25,13.49, 
2922001,24,15020,43.34942,17.79687,480,900,48,39.124,0.119,20.37, 
2922001,25,15021,43.34601,17.80105,480,900,62,77.069,0.314,25.04, 
2922001,26,15026,43.382311,17.592223,480,900,38,51.41,0.214,18.38, 
2922001,27,144810,44.05482462,17.44957369,480,900,24,34.414,0.176,14.56, 
2922001,28,136088,43.348935,17.804925,480,900,73,117.155,0.381,28.45, 
2922001,29,136174,43.20729,17.66857,480,900,16,22.518,0.134,12.27, 
2922001,30,921615,43.16577647,18.53531979,481,961,12,3.007,0.007,10.56, 
2922001,31,920284,42.87409,18.42655,481,961,11,5.448,0.011,10.35, 
2922001,32,9,43.25479,18.11055,481,961,9,32.02,0.119,10.55, 
2922001,33,144284,43.24393,18.13937,481,961,6,12.636,0.074,9.43, 
2922001,34,144285,43.2657,18.1172,481,961,6,12.778,0.067,9.4, 
2922001,35,7572,43.367,17.42341,481,961,7,14.367,0.042,9.56, 
2922001,36,586,43.25657,18.13378,481,961,20,190.685,0.856,17.88, 
2922001,37,137599,44.05943,17.4496,481,961,7,7.365,0.018,9.4, 
2922001,38,137634,43.34691846,17.81345256,481,961,6,10.164,0.051,9.31, 
2922001,39,138929,44.07124,17.44981,481,961,2,32.123,0.042,8.48, 
2922001,40,921090,44.05513348,17.45000217,481,961,7,27.261,0.203,10.35, 
2922001,41,142832,44.05261,17.45045,481,961,2,21,0.036,8.35, 
2922001,42,142873,44.04466,17.45082,480,840,77,197.487,0.706,31.57, 
2922001,43,139925,43.25554,18.12072,481,961,6,154.35,0.217,11.37, 
2922001,44,133537,43.36989137,17.4294246,481,961,5,14.31927,0.058248,9.13, 
2922001,45,141516,43.190612,17.686242,481,961,1,0,0,7.75, 
2922001,46,136885,43.22722642,17.70582462,481,961,9,13,0.067,10.15, 
2922001,47,10825,43.36369616,17.8181746,481,961,1,1.994328,0.00114,7.77, 
2922001,48,10564,44.08412,17.44531,481,961,6,8.452,0.048,9.28, 
2922001,49,320,42.89103,18.41611,481,961,7,55.481034,0.158688,10.44, 
2922001,50,143063,43.36068,17.32345,481,961,4,47.25,0.083328,9.3, 
2922001,51,1619,43.25385,18.1194,481,961,10,52.609,0.23,11.46, 
2922001,52,7585,42.8798,18.43202,481,961,5,57.105804,0.148872,9.91, 
2922001,53,1973,43.25596499,18.11753595,481,961,28,63.905,0.276,16.26, 
2922001,54,742,43.22780491,17.69687677,480,840,34,238.972,0.975,22.34, 
2922001,55,740,43.22866482,17.69685531,480,840,29,118.287,0.592,18.34, 
2922001,56,7525,43.38201,17.59221,480,840,38,112.864,0.341,19.49, 
2922001,57,15202,43.38594,17.59217,480,840,15,60.229,0.21,12.7, 
2922001,58,15206,43.33583,17.80148,480,840,27,48.938,0.307,15.99, 
2922001,59,15209,43.19572942,17.67561221,480,840,37,133.882,0.548,20.31, 
2922001,60,15247,43.34668,17.8017,480,840,15,19.780425,0.074136,11.75, 
2922001,61,15249,43.3505,17.79755,480,840,4,10.3845,0.051,8.81, 
2922001,62,15250,43.34129,17.80184,480,840,29,86.076,0.316,16.89, 
2922001,63,15251,43.34646,17.79313,480,840,23,48.2051535,0.189528,14.5, 
2922001,64,15252,43.25176,17.83719,480,840,25,33.1632,0.20286,14.91, 
2922001,65,15253,43.35379,17.79422,480,840,95,377.727,1.369,40.55, 
2922001,66,15328,43.34914,17.79765,480,840,12,17.39808,0.0318,10.8, 
2922001,67,139007,43.34938,17.80456,480,840,161,604.972,2.093,62.23, 
2922001,68,1031,44.05528662,17.44944653,480,840,21,62.259,0.347,14.79, 
2922001,69,145260,44.05475049,17.44977762,480,840,43,133.04,0.256,20.58, 
2922001,70,922087,43.839192,17.174962,481,961,1,0,0,7.75, 
2922001,71,923817,43.413612,17.310452,481,961,6,2.26485,0.007704,9.05, 
2922001,72,1709,43.36722164,17.42251926,481,961,15,4.20735,0.008976,11.33, 
2922001,73,15189,43.189403,17.679732,481,961,6,5.355,0.011,9.09, 
2922001,74,921523,43.29054,17.760627,481,961,5,2.3352,0.00606,8.8, 
2922001,75,920497,43.19456348,17.67901129,480,900,23,39.747,0.083,13.97, 
2922001,76,920118,43.22891928,17.6998378,480,900,9,12.367,0.026,9.97, 
2922001,77,923033,43.388833,17.583623,481,961,2,38.509,0.125,8.89, 
2922001,78,142634,43.34059,17.80684,481,961,2,22.281,0.059904,8.46, 
2922001,79,923731,43.22871,17.701516,481,961,22,66.811,0.257,14.71, 
2922001,80,360,43.22622578,17.70915055,481,961,19,27.486,0.066,12.79, 
2922001,81,990,43.3552,17.81367,480,900,2,36.879,0.241,9.35, 
2922001,82,140883,44.03967,17.45419,481,961,4,319.2,2.605,22.39, 
2922001,83,1487,43.37776,17.55557,481,961,4,50.748,0.21,9.86, 
2922001,84,136298,43.26075425,17.69947314,480,900,15,21.241,0.121,11.96, 
2922001,85,923132,43.41633743,17.29287154,481,961,13,22.8682125,0.075276,11.28, 
2922001,86,131242,43.29281,17.76174,480,900,13,19.18098,0.064152,11.2, 
2922001,87,131246,43.37751,17.564424,480,900,57,371.156,0.798,28.61, 
2922001,88,139984,43.22274,17.69134,480,900,31,79.221,0.241,17.01, 
2922001,89,923634,43.158646,18.547353,481,961,12,34.82031,0.120876,11.34, 
2922001,90,1346,43.35162,17.68789,481,961,7,35.991,0.065,9.87, 
2922001,91,133290,43.35112,17.79835,480,840,18,39.409,0.113,12.84, 
2922001,93,920241,43.94001034,17.58122716,481,961,3,31.92,0.030168,8.68, 
2922001,98,138579,43.36692,17.42341,481,961,3,42.42,0.034656,8.8, 
2922001,99,139927,43.25686,18.11159,481,961,4,118.335,0.123,10.14, 
2922001,103,307,43.19161515,17.68348718,481,961,21,45.175,0.174,13.91, 
2922001,104,760,43.37195186,17.31434041,481,961,48,190.583,0.541,23.57, 
2922001,105,136524,43.3987235,17.34308833,481,961,29,40.295535,0.165732,15.82, 
2922001,106,136525,43.35986235,17.32323462,481,961,27,30.176223,0.103404,14.97, 
2922001,107,137380,44.06022889,17.44697028,481,961,1,2.693,0.019,7.85, 
2922001,108,921969,43.37194,17.559,481,961,2,55.125,0.097,8.93, 
2922001,109,1007,44.05671,17.44928,481,961,2,3.372,0.005,8.05, 
2922001,110,920208,42.86648,18.41876,481,961,7,14.679168,0.04572,9.58, 
2922001,111,139814,43.41585,17.29739,481,961,9,16.678578,0.052152,10.13, 
2922001,112,1886,43.22527202,17.71125341,481,961,4,6.489,0.034,8.7, 
2922001,113,1078,43.37446,17.60252,481,961,118,352.321,0.728,43.39, 
2922001,114,141650,42.87176,18.43113,481,961,4,45.0555,0.057672,9.17, 
2922001,115,140975,43.37182,17.41506,480,720,1,8.652,0.019404,7.91, 
2922001,117,921561,43.207012,17.794347,481,961,5,6.841,0.022,8.91, 
2922001,118,143271,43.2577,18.1118,481,961,10,254.1,0.932,16.3, 
2922001,119,137667,43.16741,18.52947,480,900,42,175.544,0.674,22.48, 
2922001,120,137662,42.87354,18.42531,480,900,53,155.464,0.493,24.29, 
2922001,121,137663,43.25821,18.11214,480,900,50,78.991,0.257,21.82, 
2922001,122,136297,43.39054161,17.48520785,481,961,2,84.953,0.487,10.84, 
2922001,123,139709,43.42178,17.27912,481,961,70,395.475,1.093,33.32, 
2922001,124,1938,43.25739,18.11307,481,961,10,19.227,0.098,10.59, 
2922001,125,1805,43.38176,17.59155,481,961,1,0,0,7.75, 
2922001,126,992,42.87157,18.43223,481,961,3,75.81,0.207552,9.84, 
2922001,127,921453,42.87564836,18.4274492,481,961,7,8.2908,0.0198,9.41, 
2922001,128,138343,42.87583,18.42721,481,961,5,15.300054,0.082908,9.24, 
2922001,129,139129,42.88076,18.42669,481,961,12,22.918791,0.068352,11, 
2922001,130,1173,43.36396136,17.41756254,481,961,3,45.5532,0.069996,8.98, 
2939484,1,587,43.22818015,17.69631887,481,961,1,43.26,0.097,8.57, 
2939484,2,139381,43.87597,16.7711,481,961,4,4.534,0.022,8.63, 
2939484,3,15362,42.92051,17.61339,481,961,1,66.213,0.134,8.94, 
2939484,4,144593,42.9251037,17.62225333,480,900,67,195.772,0.852,29.66, 
2939484,5,1408,43.35459,17.79902,480,900,1,156.643,1.083,13.75, 
2939484,6,923163,43.207427,17.668477,481,961,40,313.37,1.023,24.75, 
2939484,7,15031,43.82201,16.99546,480,900,34,49.892,0.121,16.98, 
2939484,8,136174,43.20729,17.66857,480,900,16,22.518,0.134,12.27, 
2939484,9,139459,42.92503,17.62314,481,961,10,169.68,0.231,12.58, 
2939484,10,923170,42.927226,17.6109361,481,961,7,37.145,0.07,9.89, 
2939484,11,920420,42.92615167,17.61932667,481,961,8,172.83,0.279,12.31, 
2939484,12,137634,43.34691846,17.81345256,481,961,4,11.264,0.029,8.73, 
2939484,13,137637,43.65430986,17.75944763,481,961,11,15.51,0.037,10.55, 
2939484,14,922111,43.344435,17.80768667,481,961,14,27.988,0.057,11.5, 
2939484,15,131752,43.82307,16.99657,480,840,96,221.359,0.965,37.63, 
2939484,16,15308,43.82444,16.99955,481,961,4,11.172,0.028,8.72, 
2939484,17,1564,43.35497,17.81335,481,961,16,14.877,0.065,11.91, 
2939484,18,922169,43.150043,17.603987,481,961,7,30.336,0.053,9.76, 
2939484,19,10825,43.36369616,17.8181746,481,961,1,1.994,0.001,7.77, 
2939484,20,136683,42.91088,17.63009,481,961,12,42.126,0.089,11.27, 
2939484,21,1657,43.82317,16.99404,481,961,28,422.684,4.552,29.16, 
2939484,22,1072,42.92399,17.61613,481,961,55,168.424,0.418,24.6, 
2939484,23,142318,43.68816,17.07979,481,961,18,29.25153,0.11376,12.75, 
2939484,24,838,43.61349822,16.99472838,480,900,19,73.351,0.165,13.64, 
2939484,25,1065,42.91402,17.62646,481,961,88,229.406,0.619,34.26, 
2939484,27,742,43.22780491,17.69687677,480,840,2,56.7,0.234,9.51, 
2939484,28,7896,43.6609542,17.76228004,480,840,79,308.457,1.406,36.05, 
2939484,29,15161,43.82173,16.9971,480,840,63,206.615,0.835,28.7, 
2939484,30,15209,43.19572942,17.67561221,480,840,37,133.882,0.548,20.31, 
2939484,31,15210,42.92648,17.61521,480,840,43,141.176,0.605,22.12, 
2939484,32,921336,43.35442352,17.80005933,480,840,13,39.634,0.178,11.87, 
2939484,33,142687,43.8232,17.00582,480,840,15,38.910816,0.130212,12.16, 
2939484,34,7552,43.195593,17.676524,480,840,6,32.67705,0.084564,9.66, 
2939484,35,1097,42.92083,17.61884,481,961,16,29.492484,0.11844,12.27, 
2939484,36,136677,42.92911629,17.60121876,481,961,3,3.8178,0.060636,8.54, 
2939484,37,1664,43.82746,17.00381,481,961,8,1.90449,0.018084,9.59, 
2939484,38,922656,43.8238559,17.0002729,481,961,10,1.87845,0.004764,10.04, 
2939484,39,922137,43.82281781,16.99424624,481,961,3,0.28665,0.001824,8.26, 
2939484,40,920497,43.19456348,17.67901129,480,900,8,20.58546,0.097248,10.1, 
2939484,41,1149,43.18971973,17.67991856,481,961,15,30.367575,0.101952,11.96, 
2939484,42,990,43.3552,17.81367,480,900,2,36.879,0.241,9.35, 
2939484,43,131250,43.32004,17.81924,480,900,6,47.7435,0.122592,9.97, 
2939484,44,131251,43.18714077,17.67758632,480,900,30,73.811,0.19,16.49, 
2939484,45,131252,43.19626128,17.67544055,480,900,55,198.37,0.492,25.19, 
2939484,46,131247,43.34828,17.79084,480,900,8,48.343,0.144,10.56, 
2939484,47,921003,43.3526515,17.79721674,480,900,9,25.399248,0.05772,10.23, 
2939484,48,922014,43.363114,17.634783,480,900,1,4.536,0.003816,7.81, 
2939484,49,132531,43.33978,17.80215,480,900,19,29.017926,0.125904,13.05, 
2939484,50,1071,42.92687,17.61432,481,961,136,580.018,2.314,56.67, 
2939484,51,922045,42.92513,17.62246833,481,961,43,106.034,0.468,21.21, 
2939484,52,920631,43.18446,17.68763,481,961,8,38.51862,0.07158,10.17, 
2939484,53,1405,43.46364,17.32984,481,961,38,140.589,0.439,20.17, 
2939484,54,1077,42.91168,17.62751,481,961,42,91.146,0.297,20.11, 
2939484,55,140062,43.61551,16.99988,481,961,12,21.488,0.154,11.35, 
2939484,56,131279,43.82316,17.00823,481,961,31,95.4,0.359,17.66, 
2939484,57,131280,43.82438,17.00608,481,961,8,9.551661,0.064116,9.86, 
2939484,58,140048,43.20853,17.67161,481,961,5,76.44,0.096384,9.88, 
2939484,59,938,43.46274,17.33218,481,961,89,481.123,4.294,43.89, 
2939484,60,307,43.19161515,17.68348718,481,961,41,86.38,0.32,19.9, 
2939484,61,1075,42.90571,17.63831,481,961,4,8.776572,0.025476,8.69, 
2939484,62,142015,43.20407,17.66806,481,961,1,17.304,0.038808,8.08, 
2939484,63,920233,42.926395,17.615305,481,961,3,220.815,0.284,11.54, 
2939484,64,969,43.1916308,17.67788673,481,961,18,13.192389,0.074328,12.44, 
2939484,65,920968,43.35491764,17.81399424,481,961,9,9.7335,0.044352,10.03, 
2939484,66,131820,43.66258412,17.76279503,480,840,42,62.755,0.2,19.43, 
2939484,67,923845,43.658726,17.762443,481,961,19,26.760342,0.106056,12.95, 
2939484,68,138131,43.8225,16.99941,481,961,1,5.1156,0.032232,7.93, 
2939484,69,922513,42.926086,17.615504,481,961,10,31.945515,0.080436,10.64, 
2939484,70,921194,43.82127212,17.00257824,481,961,1,1.0878,0.003288,7.77, 
2939484,71,921195,43.77238815,17.00831753,481,961,2,4.84344,0.032232,8.18, 
2939484,72,921561,43.207012,17.794347,481,961,5,6.841464,0.022416,8.91, 
2939484,73,923275,42.92855,17.6084,481,961,17,35.9394,0.128316,12.63, 
2939484,74,922995,42.918835,17.623683,481,961,11,17.975,0.169,11.13, 
2939484,75,168,43.70264,17.21033,481,961,57,319.615,0.992,28.93, 
2939484,76,1892,43.34702534,17.81660819,481,961,5,8.12721,0.032952,8.96, 
2939484,77,1648,43.65997622,17.76313835,481,961,24,122.332,0.609,17.2, 
2939484,78,136347,43.65997622,17.76313835,481,961,2,159.733,1.675,16.5, 
2939484,79,923737,43.70319,17.282785,481,961,3,17.35356,0.093816,8.81, 
2958047,1,1653,43.71704,17.23412,481,961,4,76.23,0.281,10.4, 
2958047,2,135372,43.37121,17.84742,481,961,8,6.685,0.016,9.63, 
2958047,3,138087,43.41305,17.87588,480,900,44,71.686,0.244,20.2, 
2958047,4,138157,43.135963,17.776839,480,900,28,60.054,0.195,15.89, 
2958047,5,139214,43.38041,17.57933,481,961,4,3.426,0.011,8.58, 
2958047,6,921127,43.08222786,17.96003741,480,840,15,18.383,0.081,11.76, 
2958047,7,920300,43.11001558,17.70152194,480,840,11,47.492,0.235,11.68, 
2958047,8,921302,43.35266,17.80444,480,900,138,766.079,13.422,63.55, 
2958047,9,1408,43.35459,17.79902,480,900,4,94.92,0.322,10.75, 
2958047,10,204,43.71837,17.21969,481,961,4,16.868,0.032,8.79, 
2958047,11,923767,43.622175,17.258022,481,961,1,52.92,0.092,8.64, 
2958047,12,141727,43.71657,17.23185,481,961,2,5.957,0.039,8.22, 
2958047,13,138020,43.33819,17.80834,481,961,3,30.87,0,8.54, 
2958047,14,920349,43.38179994,17.59534712,481,961,36,53.949,0.202,17.86, 
2958047,15,920347,43.3838493,17.59254417,481,961,33,23.96,0.111,16.44, 
2958047,16,920348,43.38893651,17.58360414,481,961,34,52.57,0.187,17.28, 
2958047,17,15027,43.11036,17.70165,480,900,19,28.264,0.084,12.87, 
2958047,18,137381,43.71619,17.2317,480,900,29,30.724,0.087,15.4, 
2958047,19,1998,43.54998018,17.42732548,481,961,6,5.435,0.013,9.11, 
2958047,20,140805,43.34902,17.80454,481,961,3,139.02,0.286,10.77, 
2958047,21,145094,43.11971,17.74075,481,961,19,46.70295,0.120576,13.2, 
2958047,22,1016,43.111171,17.69928539,481,961,5,10.80471,0.084744,9.21, 
2958047,23,10703,43.47250393,17.33253785,481,961,17,15.993054,0.084324,12.25, 
2958047,24,131768,43.34568,17.80545,481,961,2,47.25,0.083328,8.8, 
2958047,25,131511,43.36378,17.82157,480,840,2,3.465,0.027372,8.15, 
2958047,26,1324,43.31139,17.83113,481,961,9,122.524,0.387,12.53, 
2958047,27,923413,43.311751,17.830779,481,961,15,28.5256125,0.105072,11.96, 
2958047,28,10825,43.36369616,17.8181746,481,961,1,1.994328,0.00114,7.77, 
2958047,29,1518,43.47582956,17.32276225,481,961,9,20.27739,0.107148,10.39, 
2958047,30,921872,43.34521,17.7901,481,961,3,26.3445,0.07674,8.82, 
2958047,31,1118,43.11155,17.71267,480,900,6,185.494,4.872,14.4, 
2958047,32,1651,43.71229,17.23658,480,900,54,263.021,1.687,26.37, 
2958047,33,131335,43.64127,17.23204,480,900,29,48.465207,0.113736,15.69, 
2958047,34,15323,43.57045516,17.2857266,481,961,2,3.213,0.0156,8.1, 
2958047,35,739,43.20614682,17.78742814,480,840,15,41.508,0.209,12.52, 
2958047,36,738,43.07658527,17.71537328,480,840,33,110.633,0.55,19.09, 
2958047,37,7521,43.47523786,17.32810521,480,840,17,244.282,1.659,16.82, 
2958047,38,7930,43.1377,17.77995,480,840,6,17.4027,0.157716,9.82, 
2958047,39,7935,43.083,17.95873,480,840,15,34.258,0.244,12.59, 
2958047,40,7945,43.07982,17.94985,480,840,18,45.822,0.332,13.82, 
2958047,41,7959,43.71882,17.23422,480,840,50,111.46,1.474,23.04, 
2958047,42,15203,43.11035251,17.70323897,480,840,73,184.115,2.791,30.81, 
2958047,43,15208,43.3503,17.80166,480,840,84,329.787,1.156,36.46, 
2958047,44,143115,43.46942,17.32524,480,840,25,76.879,0.428,16.27, 
2958047,45,921336,43.35442352,17.80005933,480,840,26,66.827,0.219,15.55, 
2958047,46,921733,43.4733,17.32598,481,961,1,25.956,0.058212,8.24, 
2958047,47,1684,43.34135,17.7989,481,961,16,18.1503,0.066156,11.95, 
2958047,48,1687,43.472493,17.327104,481,961,7,3.0219,0.006708,9.31, 
2958047,49,7982,43.47243497,17.32707524,481,961,10,24.659418,0.131256,10.78, 
2958047,50,922805,43.111334,17.699419,481,961,5,1.90785,0.004176,8.79, 
2958047,51,883,43.34788,17.80341,481,961,5,2.352,0.009924,8.81, 
2958047,52,1436,43.34398,17.79799,481,961,1,86.52,0.19404,9.38, 
2958047,53,134004,43.08566,17.95966,481,961,27,33.9842475,0.110376,15.03, 
2958047,54,990,43.3552,17.81367,480,900,2,36.879,0.241,9.35, 
2958047,55,923589,43.12712827,17.67978971,481,961,18,64.147,0.218,13.52, 
2958047,56,923590,43.34687,17.79848,481,961,197,770.044,4.4,74.56, 
2958047,57,359,43.33684662,17.56057256,481,961,3,3.259452,0.016308,8.35, 
2958047,58,138336,43.10545702,17.69812131,481,961,4,5.991888,0.037044,8.71, 
2958047,59,1782,43.08611841,17.93294632,481,961,4,5.9094,0.037092,8.71, 
2958047,60,921861,43.0822316,17.95978313,481,961,9,9.6201,0.048732,10.04, 
2958047,61,1654,43.62293339,17.25656563,481,961,2,22.365,0,8.21, 
2958047,62,1487,43.37776,17.55557,481,961,1,311.472,0.699,13.63, 
2958047,63,131249,43.34937,17.80554,480,900,20,19.14675,0.07836,13.01, 
2958047,64,131250,43.32004,17.81924,480,900,27,40.81518,0.10914,15.09, 
2958047,65,131247,43.34828,17.79084,480,900,27,21.73563,0.068148,14.74, 
2958047,66,131248,43.40848,17.87487,480,900,21,145.077,0.519,16.29, 
2958047,67,921003,43.3526515,17.79721674,480,900,23,30.1896,0.163968,14.22, 
2958047,68,922910,43.0791928,17.9500538,481,961,13,18.7992,0.03846,11.09, 
2958047,69,922961,43.3799511,17.5731857,481,961,10,988.155,0.953,23.38, 
2958047,70,132531,43.33978,17.80215,480,900,45,112.221,0.478,21.81, 
2958047,71,144561,43.10746,17.70177,480,900,42,133.385,1.414,20.99, 
2958047,72,144631,43.70199188,17.21091498,481,961,2,4.3092,0.020952,8.13, 
2958047,73,140150,43.5422,17.41008,481,961,54,69.078,0.282,22.83, 
2958047,74,1644,43.3235,17.83111,481,961,2,26.502,0.030576,8.38, 
2958047,75,10538,43.71415,17.23875,481,961,11,252.303,0.35,14.11, 
2958047,76,133834,43.15725,17.90999,481,961,3,17.3922,0.041712,8.59, 
2958047,77,142115,43.7088,17.23035,481,961,1,5.46,0.006084,7.83, 
2958047,78,138650,43.47312,17.29732,481,961,1,34.608,0.077616,8.4, 
2958047,79,142710,43.37947,17.58648,481,961,4,84.84,0.119304,9.81, 
2958047,80,144045,43.3807987,17.59564519,481,961,1,10.92,0.012168,7.9, 
2958047,81,144000,43.39652565,17.5696173,481,961,3,42.84,0.064392,8.93, 
2958047,82,140167,43.71954,17.22775,481,961,1,21.945,0.023052,8.06, 
2958047,84,133685,43.33623,17.77225,481,961,3,6.321,0.025872,8.42, 
2958047,85,142854,43.71736,17.23237,481,961,8,20.09448,0.01884,9.77, 
2958047,86,142995,43.338239,17.810566,481,961,2,36.7836,0.084204,8.7, 
2958047,87,923838,43.715532,17.228116,481,961,3,9.0006,0.054864,8.56, 
2958047,88,142857,43.3468,17.7848,481,961,2,15.435,0,8.15, 
2958047,89,871,43.1135752,17.7051397,481,961,20,38.713668,0.125688,13.39, 
2958047,90,134513,43.048462,17.665945,481,961,10,38.325,0.070884,10.66, 
2958047,91,131297,43.06842,17.666886,481,961,30,76.798,0.218,16.64, 
2958047,92,1760,43.12116036,17.68610501,481,961,7,14.2758,0.046836,9.58, 
2958047,93,144835,43.1358,17.82766,481,961,8,12.93831,0.03744,9.78, 
2958047,94,133395,43.08457827,17.71831298,481,961,11,31.702587,0.06564,10.83, 
2958047,95,7634,43.3059,17.82088,480,840,87,399.996,3.715,40.2, 
2958047,96,145229,43.37916,17.60656,481,961,3,47.904276,0.048312,8.91, 
2958047,97,1387,43.4646396,17.34455414,481,961,3,5.55261,0.03324,8.44, 
2958047,98,921035,43.47431317,17.32787704,481,961,3,37.632,0.087696,8.97, 
2958047,99,921824,43.48384214,17.29862149,481,961,38,180.5,1.458,20.63, 
2958047,100,139432,43.36661,17.63372,481,961,2,118.125,0.208,9.99, 
2958047,101,921932,43.10820519,17.71376174,481,961,24,47.9865225,0.183228,14.72, 
2958047,102,922911,43.763243,17.230827,481,961,1,5.46,0.006084,7.83, 
2958047,103,922810,43.112536,17.699729,481,961,8,17.92434,0.116448,10.16, 
2958047,104,1193,43.3431,17.77585,481,961,2,2.3562,0.003264,8.04, 
2958047,105,974,43.54227023,17.40419441,481,961,5,5.332026,0.015588,8.87, 
2958047,106,136404,43.72081319,17.22471171,481,961,10,84.347,0.444,12.66, 
2958047,107,921276,43.35147,17.79922,481,961,3,18.568914,0.04482,8.61, 
2958047,108,1676,43.1094,17.70362,481,961,5,1.2474,0.002916,8.77, 
2958047,109,27,43.35324,17.79377,481,961,1,129.78,0.291,10.2, 
2958047,110,1805,43.38176,17.59155,481,961,2,3.50112,0.007608,8.07, 
2958047,111,1665,43.71608,17.23162,481,961,11,5.73615,0.01278,10.36, 
2970877,1,142559,43.38239,17.59165,481,961,3,0.667,0.001,8.26, 
2970877,2,139540,43.38627,17.59284,481,961,11,6.203,0.021,10.4, 
2970877,3,138315,43.34449,17.80252,481,961,9,1.96,0.005,9.79, 
2970877,4,143349,43.22587009,17.69327508,481,961,15,63.649,0.53,14.06, 
2970877,5,587,43.22818015,17.69631887,481,961,2,82.744,0.908,12.57, 
2970877,6,921607,43.22861,17.70194,481,961,1,7.522,0.083,8.17, 
2970877,7,135890,43.22796126,17.69842172,481,961,1,7.522,0.083,8.17, 
2970877,8,135889,43.22875863,17.69760633,481,961,1,7.522,0.083,8.17, 
2970877,9,920629,42.70068264,18.3479284,481,961,5,18.085,0.09,9.3, 
2970877,10,142817,43.34895,17.80541,481,961,1,2.046,0.013,7.82, 
2970877,11,139112,44.05348,17.44787,480,840,14,83.656,0.175,12.52, 
2970877,12,920532,44.08039739,17.44696406,480,840,12,35.173,0.108,11.29, 
2970877,13,140812,44.05159,17.44171,480,840,15,21.754,0.081,11.8, 
2970877,14,131269,44.04766052,17.45128327,480,840,40,89.641,0.348,19.8, 
2970877,15,923922,44.053414,17.44371,481,961,12,42.713,0.141,11.49, 
2970877,16,924068,44.070345,17.446652,481,961,40,116.878,0.39,20.24, 
2970877,17,139661,43.34959,17.80376,480,900,1,20.412,0.048,8.14, 
2970877,18,137731,43.36458,17.82233,480,900,66,655.989,8.718,41.57, 
2970877,19,920120,44.05408739,17.43662959,480,900,152,673.25,2.637,62.9, 
2970877,20,145259,43.34425513,17.8136708,481,961,1,15.044,0.114,8.37, 
2970877,21,920712,43.33832,17.79684,481,961,2,0.97776,0.006444,8.04, 
2970877,22,142763,43.34625,17.80035,481,961,2,0.97776,0.006444,8.04, 
2970877,23,923163,43.207427,17.668477,481,961,20,157.446,0.389,15.62, 
2970877,24,15026,43.382311,17.592223,480,900,49,69.774,0.264,21.51, 
2970877,25,144810,44.05482462,17.44957369,480,900,30,39.768,0.176,16.11, 
2970877,26,140805,43.34902,17.80454,481,961,1,0,0,7.75, 
2970877,27,7572,43.367,17.42341,481,961,64,119.059,0.358,26.12, 
2970877,28,139172,43.3784,17.40724,481,961,1,34.608,0.077616,8.4, 
2970877,29,1534,43.35282,17.79307,481,961,43,54.895,0.253,19.83, 
2970877,30,137601,44.07059,17.44892,481,961,6,12.937785,0.024324,9.22, 
2970877,31,922111,43.344435,17.80768667,481,961,1,1.89,0.001584,7.77, 
2970877,32,1353,43.37804,17.56356,481,961,19,61.329,0.34,14.25, 
2970877,33,1748,43.34178,17.81311,481,961,7,1.73985,0.003336,9.28, 
2970877,34,921090,44.05513348,17.45000217,481,961,1,11.0355,0.022332,7.95, 
2970877,35,142873,44.04466,17.45082,480,840,59,229.05,0.872,28.07, 
2970877,36,131532,43.30208,17.82904,480,840,4,4.2861,0.015372,8.6, 
2970877,37,138540,43.25776,17.6799,481,961,13,14.377629,0.06252,11.15, 
2970877,38,139925,43.25554,18.12072,481,961,6,129.0555,0.15942,10.89, 
2970877,39,140563,43.0766,17.94806,481,961,1,32.76,0.036504,8.21, 
2970877,40,137176,44.04974258,17.45038205,481,961,3,1.53006,0.004332,8.28, 
2970877,41,923930,43.228851,17.696795,481,961,2,11.284812,0.013548,8.16, 
2970877,42,1017,44.05547,17.45164,481,961,3,44.662,0.463,10.6, 
2970877,43,598,43.16733,18.53412,481,961,26,25.53705,0.09894,14.66, 
2970877,44,7741,43.37306,17.60902,481,961,2,181.125,0.319,11.06, 
2970877,45,131468,43.20168914,17.66975427,481,961,4,16.59,0.111708,9.12, 
2970877,46,1540,43.35065711,17.48231107,481,961,2,3.5511,0.018504,8.11, 
2970877,47,1973,43.25596499,18.11753595,481,961,15,82.549,0.355,13.52, 
2970877,48,921675,43.34816,17.81305167,480,840,27,37.788,0.258,15.69, 
2970877,49,1186,43.35179,17.78064,481,961,25,75.826,0.324,15.82, 
2970877,50,742,43.22780491,17.69687677,480,840,11,34.739,0.234,11.55, 
2970877,51,740,43.22866482,17.69685531,480,840,10,94.719,0.288,12.1, 
2970877,52,7525,43.38201,17.59221,480,840,34,161.384,0.56,19.87, 
2970877,53,7522,43.3515,17.80095,480,840,15,90.796,0.574,14.5, 
2970877,54,15202,43.38594,17.59217,480,840,22,41.604,0.204,14.25, 
2970877,55,15247,43.34668,17.8017,480,840,13,19.66461,0.129852,11.48, 
2970877,56,15249,43.3505,17.79755,480,840,5,5.975319,0.026328,8.92, 
2970877,57,15251,43.34646,17.79313,480,840,13,28.814,0.192,11.82, 
2970877,58,15253,43.35379,17.79422,480,840,82,417.608,5.145,36.75, 
2970877,59,139007,43.34938,17.80456,480,840,114,630.752,2.703,53.27, 
2970877,60,1031,44.05528662,17.44944653,480,840,28,68.141,0.294,16.38, 
2970877,61,138253,43.27848,17.60089,481,961,2,24.675,0.034656,8.38, 
2970877,62,1684,43.34135,17.7989,481,961,9,24.262308,0.071172,10.28, 
2970877,63,137885,43.36399256,17.42213303,481,961,5,0.93345,0.002316,8.77, 
2970877,64,923817,43.413612,17.310452,481,961,5,1.57395,0.00738,8.8, 
2970877,65,371,43.35337,17.79343,481,961,5,2.2113,0.004392,8.79, 
2970877,66,131472,43.34159,17.81442,481,961,5,0.4998,0.005244,8.78, 
2970877,67,884,43.34807,17.80836,481,961,7,1.1109,0.003336,9.27, 
2970877,68,131473,43.34062,17.80757,481,961,5,1.3335,0.004536,8.78, 
2970877,69,131474,43.40957,17.87506,481,961,4,1.7136,0.002796,8.53, 
2970877,70,1281,43.34294,17.81407,481,961,17,15.766443,0.089112,12.27, 
2970877,71,145214,43.35020399,17.79493519,481,961,1,18.806,0.206,8.79, 
2970877,72,920497,43.19456348,17.67901129,480,900,36,57.705,0.201,17.89, 
2970877,73,920118,43.22891928,17.6998378,480,900,12,26.988234,0.141792,11.35, 
2970877,74,141675,43.381855,17.591581,481,961,1,0,0,7.75, 
2970877,75,360,43.22622578,17.70915055,481,961,7,12.397266,0.05802,9.61, 
2970877,76,136707,43.38879362,17.37056621,481,961,2,1.9215,0.002196,8.03, 
2970877,77,239,43.36807958,17.42099577,481,961,4,54.0771,0.139572,9.6, 
2970877,78,133658,43.35028,17.78358,481,961,9,8.387568,0.051792,10.05, 
2970877,79,387,43.2584888,18.11349922,481,961,12,21.857304,0.102612,11.14, 
2970877,80,494,43.31416565,17.38825136,481,961,8,14.960568,0.081924,9.98, 
2970877,81,1487,43.37776,17.55557,481,961,3,65.4234,0.15132,9.5, 
2970877,82,131252,43.19626128,17.67544055,480,900,37,274.921,0.409,21.07, 
2970877,83,136298,43.26075425,17.69947314,480,900,15,41.781453,0.11166,12.11, 
2970877,84,923132,43.41633743,17.29287154,481,961,21,43.613178,0.164208,13.85, 
2970877,85,131242,43.29281,17.76174,480,900,11,18.374055,0.134484,10.99, 
2970877,86,131246,43.37751,17.564424,480,900,84,502.456,1.121,37.96, 
2970877,87,139984,43.22274,17.69134,480,900,10,32.044362,0.133476,10.86, 
2970877,88,136151,42.87295,18.42446,481,961,4,13.986,0.067128,8.91, 
2970877,89,499,44.07279459,17.44759255,481,961,3,8.87796,0.066948,8.61, 
2970877,90,133291,43.33916,17.80854,480,840,22,46.989,0.184,14.21, 
2970877,91,133290,43.35112,17.79835,480,840,13,35.41839,0.122568,11.6, 
2970877,92,921968,42.88264811,18.42726946,481,961,4,42.9555,0.056844,9.15, 
2970877,93,138841,42.87185,18.43088,481,961,1,87.78,0.092196,8.97, 
2970877,94,142177,43.08159,17.96176,481,961,2,43.26,0.05436,8.64, 
2970877,95,144414,43.34346771,17.80360758,481,961,2,21,0.014256,8.26, 
2970877,96,138579,43.36692,17.42341,481,961,3,42.84,0.04668,8.85, 
2970877,97,139927,43.25686,18.11159,481,961,3,87.885,0.0915,9.47, 
2970877,98,145240,43.1568758,17.91103418,481,961,2,43.953,0.056904,8.66, 
2970877,99,143637,43.08289,17.95831,481,961,8,103.45125,0.11418,10.96, 
2970877,100,506,43.36862789,17.42918857,481,961,7,16.513728,0.04668,9.6, 
2970877,101,135887,43.34289,17.80943,481,961,2,7.3899,0.016008,8.14, 
2970877,102,142995,43.338239,17.810566,481,961,4,41.29776,0.090924,9.27, 
2970877,103,760,43.37195186,17.31434041,481,961,8,88.61454,0.172956,11.06, 
2970877,104,142857,43.3468,17.7848,481,961,2,4.7922,0,8.05, 
2970877,105,1007,44.05671,17.44928,481,961,3,6.174,0,8.31, 
2970877,106,923124,43.351954,17.802762,481,961,1,43.26,0.09702,8.57, 
2970877,107,139814,43.41585,17.29739,481,961,11,11.81733,0.031176,10.49, 
2970877,108,1089,43.34349087,17.42895657,481,961,17,44.3811165,0.090252,12.55, 
2970877,109,1078,43.37446,17.60252,481,961,131,594.055,6.14,54.82, 
2970877,110,921560,43.37293062,17.41121107,481,961,11,16.937382,0.10218,10.84, 
2970877,111,141650,42.87176,18.43113,481,961,3,32.4555,0.034644,8.7, 
2970877,112,140975,43.37182,17.41506,480,720,1,8.652,0.019404,7.91, 
2970877,113,969,43.1916308,17.67788673,481,961,39,46.716516,0.138636,18.27, 
2970877,114,142178,43.08198,17.95363,481,961,3,37.45875,0.040428,8.78, 
2970877,115,923700,43.377547,17.851378,481,961,1,3.7611,0.0285,7.9, 
2970877,116,921224,43.34888233,17.78906488,481,961,5,9.35697,0.024324,8.94, 
2970877,117,922004,43.38719,17.49213,481,961,6,8.8704,0.019572,9.17, 
2970877,118,920707,43.34452167,17.800555,481,961,20,22.806504,0.065808,12.99, 
2970877,119,143271,43.2577,18.1118,481,961,10,280.77,1.537,19.08, 
2970877,120,137662,42.87354,18.42531,480,900,30,70.199,0.267,16.78, 
2970877,121,137663,43.25821,18.11214,480,900,13,22.357587,0.06186,11.22, 
2970877,122,922852,43.18916,17.67864,481,961,3,4.44339,0.009768,8.33, 
2970877,123,139709,43.42178,17.27912,481,961,34,128.362,0.369,18.76, 
2970877,124,15121,43.34244532,17.42992216,481,961,4,10.97523,0.043248,8.78, 
2970877,125,27,43.35324,17.79377,481,961,1,14.479,0.184,8.66, 
2970877,126,1805,43.38176,17.59155,481,961,2,28.977312,0.00732,8.31, 
2970877,127,441,43.29506012,17.76315952,481,961,26,41.977,0.246,15.42, 
2970877,128,135439,42.87255,18.43057,481,961,11,54.676,0.221,11.69, 
2970877,129,1173,43.36396136,17.41756254,481,961,60,282.713,0.688,28.06, 
2990001,1,138087,43.41305,17.87588,480,900,69,131.024,0.448,27.86, 
2990001,2,138096,43.33069,17.81663,480,900,13,18.803,0.053,11.15, 
2990001,3,138088,43.34181,17.81323,780,900,39,63.451,0.251,18.9, 
2990001,4,138097,43.33943,17.81424,780,900,24,30.309,0.164,14.47, 
2990001,5,26,43.46907801,17.33702249,481,961,34,22.361,0.117,16.7, 
2990001,6,478,43.70716,17.2229,481,961,1,2.046,0.013,7.82, 
2990001,7,139214,43.38041,17.57933,481,961,4,1.482,0.006,8.54, 
2990001,8,142817,43.34895,17.80541,481,961,11,25.545,0.027,10.6, 
2990001,9,921127,43.08222786,17.96003741,480,840,17,69.653,0.228,13.36, 
2990001,10,15076,43.46470189,17.31043644,481,961,3,20.563,0.035,8.59, 
2990001,11,139661,43.34959,17.80376,480,900,32,62.724,0.255,17.16, 
2990001,12,921302,43.35266,17.80444,480,900,140,648.99,4,56.35, 
2990001,13,454,43.48189308,17.30045863,481,961,1,57.916,1.737,11.37, 
2990001,14,1408,43.35459,17.79902,480,900,5,130.498,0.255,11.06, 
2990001,15,923927,43.624089,17.308431,481,961,1,1.197,0.002,7.77, 
2990001,16,145259,43.34425513,17.8136708,481,961,23,74.967,0.453,15.85, 
2990001,17,138116,43.70766,17.23005,481,961,2,2.32,0.012,8.07, 
2990001,18,204,43.71837,17.21969,481,961,4,8.242,0.07,8.87, 
2990001,19,141727,43.71657,17.23185,481,961,1,4.092,0.026,7.9, 
2990001,20,15027,43.11036,17.70165,480,900,22,38.518,0.181,14.12, 
2990001,21,15030,43.47037,17.33143,480,900,8,9.16755,0.021948,9.68, 
2990001,22,137381,43.71619,17.2317,480,900,22,30.000789,0.083328,13.63, 
2990001,23,1998,43.54998018,17.42732548,481,961,1,4.826304,0.061392,8.05, 
2990001,24,145094,43.11971,17.74075,481,961,33,72.873612,0.246612,17.47, 
2990001,25,1112,43.11149604,17.70197296,480,840,13,32.4933,0.126432,11.59, 
2990001,26,1016,43.111171,17.69928539,481,961,36,72.215,0.356,18.67, 
2990001,27,1178,43.19608921,17.56051326,481,961,16,47.76072,0.099048,12.37, 
2990001,28,1747,43.37811,17.55402,481,961,4,11.092746,0.046044,8.8, 
2990001,29,131511,43.36378,17.82157,480,840,4,6.7263,0.02514,8.67, 
2990001,30,131460,43.11702541,17.69645834,480,840,11,10.694187,0.02532,10.46, 
2990001,31,10825,43.36369616,17.8181746,481,961,17,20.994729,0.058704,12.19, 
2990001,32,136700,43.08876243,17.71949315,481,961,13,27.956166,0.059724,11.27, 
2990001,33,1518,43.47582956,17.32276225,481,961,4,5.44425,0.01398,8.61, 
2990001,34,1243,43.32111,17.81938,481,961,41,69.507,0.259,19.49, 
2990001,35,923142,43.429906,17.7661,481,961,13,19.4902155,0.05436,11.16, 
2990001,36,1118,43.11155,17.71267,480,900,3,14.868,0.02058,8.48, 
2990001,37,920704,43.7021563,17.21088516,481,961,17,37.1528955,0.093996,12.5, 
2990001,38,131332,43.71489,17.22924,480,900,8,5.5188,0.015132,9.62, 
2990001,39,131334,43.71959,17.22727,480,900,9,18.57513,0.072828,10.23, 
2990001,40,131337,43.72212,17.22354,480,900,22,31.56405,0.095448,13.7, 
2990001,41,139148,43.60664,17.27103,481,961,14,35.4524625,0.092364,11.72, 
2990001,42,2038,43.4744,17.32819,481,961,1,311.472,0.699,13.63, 
2990001,43,144321,43.35043,17.80132,481,961,1,11.55,0.01386,7.92, 
2990001,44,131469,43.10913847,17.69950533,481,961,3,4.445385,0.017964,8.37, 
2990001,45,921709,43.344435,17.80768667,481,961,3,3.6855,0.017508,8.36, 
2990001,46,15323,43.57045516,17.2857266,481,961,7,18.25278,0.035256,9.57, 
2990001,47,1186,43.35179,17.78064,481,961,1,23.1,0.02772,8.09, 
2990001,48,744,43.20674,17.6682,480,840,31,285.648,0.87,21.6, 
2990001,49,739,43.20614682,17.78742814,480,840,15,46.493223,0.159672,12.36, 
2990001,50,738,43.07658527,17.71537328,480,840,8,29.3729625,0.142116,10.37, 
2990001,51,7521,43.47523786,17.32810521,480,840,6,17.0394,0.10848,9.61, 
2990001,52,7522,43.3515,17.80095,480,840,20,54.401718,0.228564,13.97, 
2990001,53,7930,43.1377,17.77995,480,840,18,58.392,0.291,13.77, 
2990001,54,7935,43.083,17.95873,480,840,19,53.396322,0.238068,13.75, 
2990001,55,7945,43.07982,17.94985,480,840,29,79.624,0.409,17.21, 
2990001,56,7959,43.71882,17.23422,480,840,37,104.974,0.511,19.88, 
2990001,57,15203,43.11035251,17.70323897,480,840,33,75.329,0.46,18.39, 
2990001,58,15208,43.3503,17.80166,480,840,72,339.714,1.113,33.37, 
2990001,59,15328,43.34914,17.79765,480,840,7,20.07222,0.081312,9.78, 
2990001,60,143115,43.46942,17.32524,480,840,29,249.446,1,19.82, 
2990001,61,921336,43.35442352,17.80005933,480,840,17,44.7195,0.141768,12.77, 
2990001,62,7552,43.195593,17.676524,480,840,2,10.646328,0.020544,8.19, 
2990001,63,137670,43.05872263,17.7067473,481,961,12,22.43745,0.06678,10.99, 
2990001,64,921733,43.4733,17.32598,481,961,1,17.304,0.038808,8.08, 
2990001,65,139187,43.46798,17.33015,481,961,13,10.87485,0.04278,11.03, 
2990001,66,144863,43.35046,17.79582,481,961,11,2.29845,0.008712,10.31, 
2990001,67,882,43.35007,17.79767,481,961,4,0.21525,0.002688,8.51, 
2990001,68,131459,43.34648,17.79849,481,961,23,7.7112,0.019584,13.41, 
2990001,69,145214,43.35020399,17.79493519,481,961,67,104.385,0.381,26.83, 
2990001,70,922327,43.345545,17.799215,481,961,22,33.2996685,0.233712,14.29, 
2990001,71,141675,43.381855,17.591581,481,961,1,0,0,7.75, 
2990001,72,138199,43.34727,17.79989,481,961,2,5.075616,0.0195,8.13, 
2990001,73,136942,43.10904,17.70146,481,961,13,25.581234,0.138612,11.57, 
2990001,74,139168,43.26342,17.87914,481,961,44,152.128,4,24.22, 
2990001,75,923591,43.3418,17.81349,481,961,1,11.34,0.089856,8.23, 
2990001,76,923589,43.12712827,17.67978971,481,961,10,20.49348,0.087024,10.56, 
2990001,77,923590,43.34687,17.79848,481,961,172,862.155,9,77.23, 
2990001,78,593,43.12445,17.86164,481,961,18,36.495312,0.124584,12.87, 
2990001,79,1439,43.32738,17.82022,481,961,13,11.1689025,0.0642,11.12, 
2990001,80,922197,43.117092,17.697722,481,961,13,17.779167,0.080088,11.25, 
2990001,81,141548,43.08996,17.69774,481,961,5,12.92214,0.055332,9.1, 
2990001,82,1654,43.62293339,17.25656563,481,961,8,44.19345,0.015396,9.99, 
2990001,83,131249,43.34937,17.80554,480,900,29,45.98685,0.097944,15.6, 
2990001,84,131250,43.32004,17.81924,480,900,28,68.4306,0.18048,15.9, 
2990001,85,131247,43.34828,17.79084,480,900,44,70.9590525,0.193812,19.98, 
2990001,86,131248,43.40848,17.87487,480,900,31,84.722,0.307,17.34, 
2990001,87,921003,43.3526515,17.79721674,480,900,19,40.38363,0.128928,13.17, 
2990001,88,922910,43.0791928,17.9500538,481,961,42,134.59,0.41,20.99, 
2990001,89,132531,43.33978,17.80215,480,900,43,97.475,0.559,21.51, 
2990001,90,144561,43.10746,17.70177,480,900,56,179.048,0.501,25.29, 
2990001,91,1644,43.3235,17.83111,481,961,127,632.982,3.513,59.92, 
2990001,92,606,43.48842525,17.28596234,481,961,112,315.453,2.09,43.05, 
2990001,93,10538,43.71415,17.23875,481,961,6,11.140668,0.037464,9.26, 
2990001,94,142115,43.7088,17.23035,481,961,1,5.46,0.006084,7.83, 
2990001,96,133688,43.43655088,17.85878056,481,961,4,4.342485,0.011604,8.59, 
2990001,97,133703,43.43229706,17.86367291,481,961,4,6.872733,0.02178,8.66, 
2990001,98,142854,43.71736,17.23237,481,961,5,29.167656,0.026532,9.14, 
2990001,99,1539,43.35025,17.8009,481,961,3,2.49942,0.014532,8.33, 
2990001,100,326,43.40788,17.87478,481,961,27,40.025685,0.155988,15.28, 
2990001,101,871,43.1135752,17.7051397,481,961,30,47.359,0.31,16.74, 
2990001,102,134513,43.048462,17.665945,481,961,8,50.324337,0.142164,10.57, 
2990001,103,1760,43.12116036,17.68610501,481,961,7,27.67548,0.048852,9.72, 
2990001,104,920697,43.193666,17.5677448,480,840,14,82.518,0.405,13.47, 
2990001,105,7634,43.3059,17.82088,480,840,90,446.247,1.675,41.23, 
2990001,106,414,43.33848,17.79858,481,961,2,8.568,0.031704,8.21, 
2990001,107,1078,43.37446,17.60252,481,961,1,86.52,0.19404,9.38, 
2990001,108,145229,43.37916,17.60656,481,961,4,41.606544,0.04356,9.08, 
2990001,109,1387,43.4646396,17.34455414,481,961,2,32.445,0.040896,8.48, 
2990001,110,921035,43.47431317,17.32787704,481,961,35,73.437168,0.220896,17.87, 
2990001,111,921824,43.48384214,17.29862149,481,961,6,19.87986,0.050016,9.4, 
2990001,112,922911,43.763243,17.230827,481,961,1,10.92,0.012168,7.9, 
2990001,113,923700,43.377547,17.851378,481,961,4,7.12614,0.045816,8.76, 
2990001,114,922265,43.360384,17.802273,481,961,2,6.342,0.00954,8.1, 
2990001,115,1193,43.3431,17.77585,481,961,1,11.55,0.01386,7.92, 
2990001,116,133893,43.71374,17.23062,481,961,5,29.295,0.065568,9.3, 
2990001,117,2198,43.13654,17.78489,481,961,1,12.6,0.059592,8.12, 
2990001,118,1676,43.1094,17.70362,481,961,3,0.7497,0.001896,8.27, 
2990001,119,27,43.35324,17.79377,481,961,2,144.259,0.475,11.35, 
2990001,120,1199,43.3547,17.79994,481,961,1,11.55,0.01386,7.92, 
2990001,121,1805,43.38176,17.59155,481,961,1,10.2312,0.064452,8.12, 
2990001,122,136504,43.36129334,17.80366115,481,961,5,4.888317,0.017004,8.87, 
2990001,123,1665,43.71608,17.23162,481,961,14,4.6263,0.015828,11.11, 
2990001,124,922098,43.71458514,17.23908691,481,961,2,0.315,0.00108,8.01, 
2990001,125,139545,43.72417,17.22388,481,961,9,6.67065,0.021,9.9, 
3005971,1,587,43.22818015,17.69631887,481,961,1,43.26,0.097,8.57, 
3005971,2,138089,43.34414,17.80873,480,900,14,56.025,0.33,12.91, 
3005971,3,139381,43.87597,16.7711,481,961,2,3.911,0.026,8.14, 
3005971,4,15362,42.92051,17.61339,481,961,3,5.302,0.012,8.35, 
3005971,5,921372,43.31392833,17.82986167,480,840,10,31.007,0.066,10.57, 
3005971,6,144593,42.9251037,17.62225333,480,900,30,68.271,0.284,16.83, 
3005971,7,141028,43.2072,17.64629,480,900,1,64.26,0.309,9.65, 
3005971,8,142598,43.349088,17.8124599,481,961,4,2.633,0.016,8.59, 
3005971,9,138020,43.33819,17.80834,481,961,1,0.536,0.003,7.77, 
3005971,10,923163,43.207427,17.668477,481,961,26,126.688,0.662,17.97, 
3005971,11,10813,43.20796107,17.66911054,481,961,24,47.152,0.181,14.7, 
3005971,12,15031,43.82201,16.99546,480,900,8,13.124,0.087,9.99, 
3005971,13,136174,43.20729,17.66857,480,900,26,37.29,0.156,15.01, 
3005971,14,139459,42.92503,17.62314,481,961,3,32.97,0.052,8.78, 
3005971,15,140805,43.34902,17.80454,481,961,4,6.381,0.039,8.72, 
3005971,16,920420,42.92615167,17.61932667,481,961,4,151.62,0.096,10.34, 
3005971,17,137637,43.65430986,17.75944763,481,961,6,10.651,0.027,9.21, 
3005971,18,136040,43.66250651,17.75966221,481,961,1,1.858,0.005,7.79, 
3005971,19,131752,43.82307,16.99657,480,840,14,53.015,0.133,12.06, 
3005971,20,15308,43.82444,16.99955,481,961,25,67.291,0.124,14.91, 
3005971,21,922202,43.343041,17.798946,481,961,1,43.26,0.09702,8.57, 
3005971,23,920456,43.30797023,17.82298285,481,961,1,1.5498,0.003036,7.78, 
3005971,24,136683,42.91088,17.63009,481,961,13,48.813,0.138,11.79, 
3005971,25,923930,43.228851,17.696795,481,961,1,9.972,0.006,7.87, 
3005971,26,1657,43.82317,16.99404,481,961,100,886.178,2.897,53.01, 
3005971,27,1072,42.92399,17.61613,481,961,77,289.303,1.5,32.99, 
3005971,28,142318,43.68816,17.07979,481,961,5,4.855,0.011,8.84, 
3005971,29,838,43.61349822,16.99472838,480,900,9,19.681,0.067,10.22, 
3005971,30,1065,42.91402,17.62646,481,961,46,48.296,0.173,20.18, 
3005971,31,144514,43.82164215,17.00832509,481,961,4,12.0603,0.027864,8.73, 
3005971,32,921675,43.34816,17.81305167,480,840,22,47.907405,0.342768,14.88, 
3005971,33,744,43.20674,17.6682,480,840,3,77.515,0.154,9.63, 
3005971,34,743,43.24246863,17.65760923,480,840,2,13.608,0.027,8.24, 
3005971,35,742,43.22780491,17.69687677,480,840,13,88.349,0.324,12.94, 
3005971,36,740,43.22866482,17.69685531,480,840,18,62.512,0.26,13.68, 
3005971,37,7896,43.6609542,17.76228004,480,840,53,402.226,1.669,31.53, 
3005971,38,15161,43.82173,16.9971,480,840,89,658.644,4.285,45.54, 
3005971,39,15206,43.33583,17.80148,480,840,16,55.371498,0.203916,12.88, 
3005971,40,15209,43.19572942,17.67561221,480,840,47,126.741,0.608,22.99, 
3005971,41,15210,42.92648,17.61521,480,840,52,185.439,0.778,25.51, 
3005971,42,15251,43.34646,17.79313,480,840,26,65.417457,0.341652,16.05, 
3005971,43,15252,43.25176,17.83719,480,840,3,36.5904,0.072324,8.9, 
3005971,44,15253,43.35379,17.79422,480,840,2,44.264,0.446,10.28, 
3005971,45,139007,43.34938,17.80456,480,840,3,91.526,0.181,9.88, 
3005971,46,921336,43.35442352,17.80005933,480,840,19,63.385,0.406,14.54, 
3005971,47,922557,43.333182,17.8154,481,961,3,34.322,0.068,8.86, 
3005971,48,142687,43.8232,17.00582,480,840,31,139.703,0.597,19.07, 
3005971,49,7552,43.195593,17.676524,480,840,2,10.646,0.021,8.19, 
3005971,50,1664,43.82746,17.00381,481,961,8,4.07925,0.021312,9.63, 
3005971,51,920365,43.66067736,17.76222312,481,961,24,10.00335,0.022728,13.69, 
3005971,52,922656,43.8238559,17.0002729,481,961,9,2.16195,0.003768,9.79, 
3005971,53,141898,43.82382,17.00488,481,961,15,6.07215,0.013236,11.36, 
3005971,54,922137,43.82281781,16.99424624,481,961,5,1.1403,0.002316,8.77, 
3005971,55,1281,43.34294,17.81407,481,961,12,14.224,0.067,10.92, 
3005971,56,15261,43.2930298,17.76163602,481,961,1,10.5,0.001,7.86, 
3005971,57,1149,43.18971973,17.67991856,481,961,2,17.304,0.038808,8.33, 
3005971,58,131250,43.32004,17.81924,480,900,17,40.513,0.254,13.19, 
3005971,59,131251,43.18714077,17.67758632,480,900,66,151.208,0.526,27.63, 
3005971,60,131252,43.19626128,17.67544055,480,900,23,83.512,0.431,15.84, 
3005971,61,131242,43.29281,17.76174,480,900,12,15.208,0.048,10.85, 
3005971,62,131247,43.34828,17.79084,480,900,9,19.45,0.072,10.23, 
3005971,63,1071,42.92687,17.61432,481,961,44,65.594,0.4,20.08, 
3005971,64,922045,42.92513,17.62246833,481,961,32,69.211,0.4,17.32, 
3005971,65,138954,43.19723114,17.66911054,481,961,8,15.228,0.142,10.24, 
3005971,66,1405,43.46364,17.32984,481,961,35,253.714,1.157,23.49, 
3005971,67,1077,42.91168,17.62751,481,961,57,168.647,0.8,25.03, 
3005971,68,10538,43.71415,17.23875,481,961,3,4.557,0.012,8.34, 
3005971,69,1656,43.804,16.99476,481,961,13,435.052,4.881,26.9, 
3005971,70,143676,43.804,16.99476,481,961,2,20.16,0.052536,8.41, 
3005971,71,131279,43.82316,17.00823,481,961,84,112.924,0.452,31.46, 
3005971,72,131281,43.80397,16.99452,481,961,25,84.887,0.457,16.46, 
3005971,73,142135,42.92786,17.61515,481,961,2,43.26,0.054,8.64, 
3005971,75,938,43.46274,17.33218,481,961,80,654.669,2.164,42.75, 
3005971,76,133682,43.30804,17.82271,481,961,1,0.636,0.002,7.77, 
3005971,77,133685,43.33623,17.77225,481,961,1,0.954,0.003,7.77, 
3005971,78,1539,43.35025,17.8009,481,961,5,13.617,0.028,9, 
3005971,79,307,43.19161515,17.68348718,481,961,21,27.253,0.122,13.52, 
3005971,80,1075,42.90571,17.63831,481,961,5,4.956,0.024,8.9, 
3005971,81,7634,43.3059,17.82088,480,840,42,478.165,1.668,29.5, 
3005971,82,920233,42.926395,17.615305,481,961,3,168.315,0.257,10.93, 
3005971,83,141810,43.18459,17.68755,481,961,6,33.4971,0.054348,9.55, 
3005971,84,134087,43.65449616,17.75906139,481,961,1,2.10987,0.020736,7.86, 
3005971,85,131820,43.66258412,17.76279503,480,840,23,49.04676,0.323148,15.06, 
3005971,86,923845,43.658726,17.762443,481,961,19,47.834241,0.157488,13.36, 
3005971,87,138131,43.8225,16.99941,481,961,2,7.382,0.04,8.24, 
3005971,88,138622,43.34756,17.79552,481,961,1,10.5,0.018,7.92, 
3005971,89,921194,43.82127212,17.00257824,481,961,2,3.717,0.01782,8.11, 
3005971,90,921195,43.77238815,17.00831753,481,961,4,25.263,0.045516,8.93, 
3005971,92,922468,43.66299,17.7623,481,961,3,1.0482675,0.003096,8.27, 
3005971,95,168,43.70264,17.21033,481,961,79,1915.769,10,66, 
3005971,96,921276,43.35147,17.79922,481,961,1,33.075,0.055,8.3, 
3005971,97,285,43.83042464,16.9932639,481,961,11,95.577384,0.283992,12.34, 
3005971,98,1667,43.82068,17.01658,481,961,1,171.884,1.083,13.9, 
3005971,99,923737,43.70319,17.282785,481,961,4,10.201,0.065,8.87, 
2604001,1,134143,43.713521,17.231064,481,961,27,333.805,2.3,31.56, 
2604001,2,138087,43.41305,17.87588,480,900,57,103.718,0.952,35.04, 
2604001,3,138157,43.135963,17.776839,480,900,16,29.385,0.057,17, 
2604001,4,139542,43.71295,17.23745,481,961,4,56.871,0.133,9.6, 
2604001,5,478,43.70716,17.2229,481,961,2,2.59,0.015,8.09, 
2604001,6,921127,43.08222786,17.96003741,480,840,17,20.277,0.072,12.25, 
2604001,7,920300,43.11001558,17.70152194,480,840,17,58.987,0.504,18, 
2604001,8,921302,43.35266,17.80444,480,900,97,863.292,6.913,77.94, 
2604001,9,141028,43.2072,17.64629,480,900,1,64.26,0.309,9.65, 
2604001,10,454,43.48189308,17.30045863,481,961,2,47.036,0.285,9.63, 
2604001,11,1408,43.35459,17.79902,480,900,11,505.57,2.83,20.62, 
2604001,12,922636,43.396088,17.871369,481,961,11,30.22,0.07,10.83, 
2604001,13,204,43.71837,17.21969,481,961,6,31.949,0.056,9.54, 
2604001,14,141727,43.71657,17.23185,481,961,2,5.957,0.039,8.22, 
2604001,15,15027,43.11036,17.70165,480,900,20,46.508,0.425,13.882, 
2604001,17,137381,43.71619,17.2317,480,900,11,16,0.065,10.67, 
2604001,18,1016,43.111171,17.69928539,481,961,12,36.992,0.178,15, 
2604001,19,131768,43.34568,17.80545,481,961,1,716.625,1.64,19.84, 
2604001,20,137635,43.31353178,17.82928296,481,961,8,22.774,0.087,10.08, 
2604001,21,532,43.08709,17.93107,481,961,8,425.395,1.89,19.16, 
2604001,22,142542,43.18853,17.64911,481,961,2,17.304,0.039,8.33, 
2604001,23,131511,43.36378,17.82157,480,840,7,13.158,0.028,9.49, 
2604001,24,922202,43.343041,17.798946,481,961,1,43.26,0.097,8.57, 
2604001,25,15221,43.71695937,17.23264032,481,961,3,6.34,0.036,8.46, 
2604001,26,138277,43.11064,17.699565,481,961,18,4.662,0.026,17, 
2604001,27,136700,43.08876243,17.71949315,481,961,12,20.475,0.13,11.24, 
2604001,28,142677,43.26047,17.88067,481,961,29,52.404,0.313,26, 
2604001,29,1118,43.11155,17.71267,480,900,5,113.702,0.368,11.37, 
2604001,30,144680,43.58691037,17.29854226,481,961,18,22.398,0.067,12.49, 
2604001,31,1651,43.71229,17.23658,480,900,57,81.542,0.52,33.45, 
2604001,32,131335,43.64127,17.23204,480,900,7,14.522,0.066,9.66, 
2604001,33,131336,43.63608,17.30644,480,900,11,22.772,0.051,10.68, 
2604001,34,2038,43.4744,17.32819,481,961,1,35.658,0.16,8.76, 
2604001,35,131470,43.47386757,17.32754731,481,961,10,23.106,0.118,10.71, 
2604001,36,921675,43.34816,17.81305167,480,840,3,36.59,0.072,8.9, 
2604001,37,744,43.20674,17.6682,480,840,3,77.515,0.154,9.63, 
2604001,38,743,43.24246863,17.65760923,480,840,2,13.608,0.027,8.24, 
2604001,39,742,43.22780491,17.69687677,480,840,3,50.299,0.099,9.14, 
2604001,40,740,43.22866482,17.69685531,480,840,2,13.91,0.027,8.25, 
2604001,41,739,43.20614682,17.78742814,480,840,2,15.876,0.032,8.28, 
2604001,42,738,43.07658527,17.71537328,480,840,23,87.018,0.56,21, 
2604001,43,7521,43.47523786,17.32810521,480,840,4,26.712,0.058,9, 
2604001,45,7930,43.1377,17.77995,480,840,5,12.609,0.032,9, 
2604001,46,7935,43.083,17.95873,480,840,12,16.39,0.091,11.03, 
2604001,47,7945,43.07982,17.94985,480,840,23,38.095,0.267,20, 
2604001,48,7959,43.71882,17.23422,480,840,39,117.462,0.916,32, 
2604001,50,15203,43.11035251,17.70323897,480,840,53,175.534,1,45.73, 
2604001,51,15204,43.34455,17.80581,480,840,1,2.268,0.004524,7.79, 
2604001,52,15206,43.33583,17.80148,480,840,2,18.144,0.036168,8.32, 
2604001,53,15207,43.33777,17.80771,480,840,3,32.054,0.063,8.82, 
2604001,54,15208,43.3503,17.80166,480,840,88,355.498,2.82,58.35, 
2604001,55,15209,43.19572942,17.67561221,480,840,3,22.882,0.045,8.66, 
2604001,56,15249,43.3505,17.79755,480,840,3,9.1728,0.018084,8.41, 
2604001,57,15250,43.34129,17.80184,480,840,3,27.418,0.054,8.74, 
2604001,58,15251,43.34646,17.79313,480,840,2,9.072,0.018084,8.16, 
2604001,59,15252,43.25176,17.83719,480,840,3,36.59,0.072,8.9, 
2604001,60,15253,43.35379,17.79422,480,840,5,93.908,0.944,11.91, 
2604001,61,15328,43.34914,17.79765,480,840,3,18.3456,0.036168,8.58, 
2604001,62,135579,43.34296,17.81269,480,840,4,92.635,0.508,11.5, 
2604001,63,139007,43.34938,17.80456,480,840,3,91.526,0.181,9.88, 
2604001,64,143115,43.46942,17.32524,480,840,36,167.425,1,31.09, 
2604001,65,921336,43.35442352,17.80005933,480,840,20,87.922,0.23,14.3, 
2604001,66,922557,43.333182,17.8154,481,961,3,34.322,0.068,8.86, 
2604001,67,1684,43.34135,17.7989,481,961,14,28.639,0.066,15, 
2604001,68,139187,43.46798,17.33015,481,961,22,9.613,0.024,16, 
2604001,69,1687,43.472493,17.327104,481,961,7,0.937,0.005,9.28, 
2604001,70,922075,43.11211,17.70017,481,961,4,28.576,0.146,9.38, 
2604001,71,140493,43.37811,17.55401,481,961,3,3.255,0.009984,8.32, 
2604001,72,922805,43.111334,17.699419,481,961,6,0.999,0.004,9.03, 
2604001,73,136942,43.10904,17.70146,481,961,10,15.957,0.084,10.5, 
2604001,74,923589,43.12712827,17.67978971,481,961,14,26.478,0.138,15, 
2604001,75,923590,43.34687,17.79848,481,961,139,626.707,3.5,77.88, 
2604001,76,141548,43.08996,17.69774,481,961,9,20.286,0.056,10.17, 
2604001,77,144394,43.11415665,17.71312219,481,961,15,19.911,0.071,15, 
2604001,78,922773,43.346327,17.817195,481,961,20,19.456,0.103,18, 
2604001,79,131248,43.40848,17.87487,480,900,14,46.585,0.324,17, 
2604001,80,921003,43.3526515,17.79721674,480,900,11,12.137,0.049,10.57, 
2604001,81,922910,43.0791928,17.9500538,481,961,8,32.854,0.089,10.18, 
2604001,82,144561,43.10746,17.70177,480,900,54,122.651,1.2,34.89, 
2604001,83,144631,43.70199188,17.21091498,481,961,3,9.2295,0.034992,8.48, 
2604001,84,10821,43.3814385,17.86956573,481,961,4,7.902,0.043,8.76, 
2604001,85,1644,43.3235,17.83111,481,961,29,109.842,0.67,22, 
2604001,86,923951,43.71415,17.23876,481,961,2,2.97864,0.019332,8.11, 
2604001,87,10538,43.71415,17.23875,481,961,3,4.61034,0.024276,8.4, 
2604001,88,138650,43.47312,17.29732,481,961,1,34.608,0.078,8.4, 
2604001,89,133688,43.43655088,17.85878056,481,961,5,8.413,0.016,8.9, 
2604001,90,133703,43.43229706,17.86367291,481,961,2,3.34845,0.01464,8.09, 
2604001,91,142857,43.3468,17.7848,481,961,1,7.98,0,7.83, 
2604001,92,871,43.1135752,17.7051397,481,961,1,7.56,0.036492,7.97, 
2604001,93,134513,43.048462,17.665945,481,961,34,71.702,0.486,27, 
2604001,94,144835,43.1358,17.82766,481,961,7,9.503,0.042,9.52, 
2604001,95,133394,43.13381,17.77357,481,961,3,11.4975,0.028296,8.48, 
2604001,96,922121,43.35466,17.79733,481,961,1,17.304,0.038808,8.08, 
2604001,97,135717,43.3726,17.84617,481,961,11,11.297,0.045,10.55, 
2604001,98,1078,43.37446,17.60252,481,961,1,60.564,0.136,8.89, 
2604001,99,145229,43.37916,17.60656,481,961,2,20.185641,0.043248,8.37, 
2604001,100,1387,43.4646396,17.34455414,481,961,4,3.315,0.027,8.65, 
2604001,101,921035,43.47431317,17.32787704,481,961,8,14.865,0.061,9.9, 
2604001,102,921824,43.48384214,17.29862149,481,961,21,157.479,0.854,21, 
2604001,103,142179,43.10786,17.71438,481,961,4,15.301,0.029,8.77, 
2604001,104,921932,43.10820519,17.71376174,481,961,12,35.521,0.099,11.25, 
2604001,105,923700,43.377547,17.851378,481,961,12,9.002,0.07,10.88, 
2604001,106,920968,43.35491764,17.81399424,481,961,21,9.666,0.062,18, 
2604001,107,921042,43.71562,17.22894,481,961,3,19.33,0.077,8.75, 
2604001,108,145171,43.47044321,17.33773203,481,961,2,2.08425,0.008076,8.05, 
2604001,109,921663,43.40809833,17.87127167,481,961,6,6.458,0.027,9.17, 
2604001,110,140401,43.35868,17.81705,481,961,4,4.980675,0.023688,8.65, 
2604001,111,136403,43.72753544,17.27353865,481,961,7,42.986,0.273,10.8, 
2604001,112,168,43.70264,17.21033,481,961,53,203.967,0.442,34.53, 
2604001,113,1892,43.34702534,17.81660819,481,961,17,10.076,0.034,15, 
2604001,114,1676,43.1094,17.70362,481,961,3,0.7203,0.001248,8.26, 
2604001,115,27,43.35324,17.79377,481,961,1,129.78,0.491,10.2, 
2604001,116,923762,43.715555,17.230788,481,961,3,15.027,0.098,8.8, 
2604001,117,140023,43.46984,17.32242,481,961,8,11.364,0.061,9.86, 
2604001,118,1665,43.71608,17.23162,481,961,6,2.964,0.007,9.06, 
3016355,1,920619,44.19628143,17.42776036,481,961,2,8.486,0.017,12, 
3016355,2,1080,43.37812828,17.60419065,481,961,1,23.1,0.028,8.09, 
3016355,3,138093,43.32767302,17.82233471,480,900,6,7.929,0.018,15, 
3016355,4,138096,43.33069,17.81663,480,900,12,22.924,0.092,11.1, 
3016355,5,138088,43.34181,17.81323,780,900,50,53.891,0.214,30, 
3016355,6,138097,43.33943,17.81424,780,900,7,14.692,0.046,15, 
3016355,7,138095,43.25759807,17.89494479,480,900,20,34.645,0.133,20, 
3016355,8,136590,42.7104,18.3512,481,961,3,0.733,0.001,10, 
3016355,9,1096,43.39015,17.48427,481,961,2,11.089,0.011,8.15, 
3016355,10,132470,43.3614283,17.57430169,481,961,2,23.1,0.028,10, 
3016355,11,921372,43.31392833,17.82986167,480,840,3,10.499,0.057,10, 
3016355,12,921437,44.14417899,17.3959625,480,840,28,68.962,0.888,22, 
3016355,13,131271,44.04291,17.45188,480,840,29,68.377,0.421,20, 
3016355,14,923863,44.139929,17.39226,481,961,82,303.907,1.904,45, 
3016355,15,137731,43.36458,17.82233,480,900,1,55.518,0.793,11.58, 
3016355,16,920296,43.30545,17.83166,480,900,93,629.043,3.525,69, 
3016355,17,921302,43.35266,17.80444,480,900,1,62.16,0.864,10.28, 
3016355,18,920105,43.83979,17.17697,481,961,7,14.537,0.036,15, 
3016355,19,145259,43.34425513,17.8136708,481,961,76,143.326,0.988,40, 
3016355,20,136139,43.84171,17.17332,481,961,1,5.439,0.016,7.87, 
3016355,21,139534,43.24214,17.4751,481,961,63,291.805,1.719,40, 
3016355,22,15022,43.3444,17.81322,480,900,6,6.157,0.02,15, 
3016355,23,15025,43.19769,17.5463,480,900,15,23.997,0.084,11.83, 
3016355,24,1381,43.17147785,17.4806478,481,961,49,211.879,0.991,35, 
3016355,25,1584,42.72028,18.35786,481,961,20,62.533,0.704,20, 
3016355,26,398,43.26749,17.83281,481,961,18,17.822,0.059,12.41, 
3016355,27,922033,43.30448,17.83164,480,840,52,155.001,0.848,35, 
3016355,28,131456,43.38069,17.58241,480,840,7,8.432,0.027,15, 
3016355,29,132462,43.32605,17.82229,480,840,6,3.034,0.014,15, 
3016355,30,1324,43.31139,17.83113,481,961,11,196.65,0.568,20, 
3016355,31,923413,43.311751,17.830779,481,961,22,129.007,0.971,18.27, 
3016355,32,137232,43.32651,17.82499,481,961,2,3.483,0.012,8.08, 
3016355,33,922170,43.15869157,17.63928627,481,961,2,0.978,0.006,8.04, 
3016355,34,922169,43.150043,17.603987,481,961,2,1.148,0.008,8.04, 
3016355,35,10706,43.18099187,17.51800561,481,961,15,27.195,0.073,11.81, 
3016355,36,1186,43.35179,17.78064,481,961,1,7.522,0.057,8.06, 
3016355,37,1044,43.1877,17.54378,480,840,35,179.824,1.5,35, 
3016355,38,1047,43.19804455,17.54583621,480,840,20,74.96,0.812,20, 
3016355,39,1048,43.23378182,17.48850024,480,840,61,133.112,0.952,35, 
3016355,40,15200,43.99059,17.27981,480,840,7,19.046,0.081,15, 
3016355,41,15205,43.33748,17.80009,480,840,11,14.399,0.075,13, 
3016355,42,15328,43.34914,17.79765,480,840,16,40.712,0.22,20, 
3016355,43,135579,43.34296,17.81269,480,840,54,252.856,1.989,38, 
3016355,44,144817,42.71105,18.34056,480,840,15,25.739,0.209,12.36, 
3016355,45,922090,44.14458972,17.39382312,480,840,13,28.543,0.201,11.44, 
3016355,46,1082,43.387208,17.591035,481,961,7,15.982,0.107,15, 
3016355,47,1281,43.34294,17.81407,481,961,1,7.522,0.057,8.06, 
3016355,48,1480,42.70812,18.34709,481,961,19,9.014,0.046,20, 
3016355,49,118,42.71806,18.3462,481,961,6,20.454,0.077,15, 
3016355,50,132580,43.20028138,17.57759357,481,961,5,5.575,0.018,15, 
3016355,51,990,43.3552,17.81367,480,900,104,566.678,2.61,67, 
3016355,52,1079,43.3742,17.60264,481,961,2,18.9,0.049,10, 
3016355,53,923591,43.3418,17.81349,481,961,77,140.124,0.945,40, 
3016355,54,1439,43.32738,17.82022,481,961,11,22.593,0.08,12, 
3016355,55,1487,43.37776,17.55557,481,961,2,346.122,0.74,20, 
3016355,56,131249,43.34937,17.80554,480,900,15,25.748,0.088,11.86, 
3016355,57,139097,43.19142743,17.49985242,480,900,8,11.773,0.09,15, 
3016355,58,131241,43.36667957,17.66390735,480,900,1,23.1,0.028,8.09, 
3016355,59,131243,43.37883011,17.60266715,480,900,33,81.505,0.348,22, 
3016355,60,131244,43.37845,17.59686,480,900,9,17.743,0.28,13, 
3016355,61,131246,43.37751,17.564424,480,900,2,69.3,0.083,15, 
3016355,62,7528,43.22277,17.69146,480,900,18,4263.998,17.325,124.8, 
3016355,63,922526,43.192894,17.539936,481,961,1,64.043,0.176,15, 
3016355,64,923183,43.1927583,17.5401808,481,961,21,59.235,0.805,20, 
3016355,65,923686,43.386123,17.581203,481,961,17,51.238,0.578,20, 
3016355,66,131717,42.94815,18.09405,481,961,7,28.035,0.11,15, 
3016355,67,135850,42.70181,18.34876,481,961,5,15.669,0.055,15, 
3016355,68,135499,43.37543008,17.58881086,481,961,1,3.228,0.008,7.82, 
3016355,69,133291,43.33916,17.80854,480,840,9,9.516,0.037,15, 
3016355,70,144653,43.28187,17.83479,480,840,8,17.421,0.047,15, 
3016355,71,219,43.19973391,17.57997536,481,961,9,4.375,0.038,15, 
3016355,72,922957,43.37312,17.60525,481,961,1,0.796,0.002,7.76, 
3016355,73,142995,43.338239,17.810566,481,961,2,38.7,0.103,8.8, 
3016355,74,1418,43.35185,17.80429,481,961,1,30.114,0.044,10, 
3016355,75,1084,43.39383,17.57821,481,961,2,2.767,0.021,8.11, 
3016355,76,2091,43.30622219,17.82287115,481,961,10,520.849,2.991,25.34, 
3016355,77,156,43.1982479,17.54493499,481,961,10,16.408,0.066,15, 
3016355,78,1774,42.72212,18.35383,481,961,16,38.296,0.13,12.41, 
3016355,79,138766,42.71031,18.35066,481,961,17,11.545,0.025,11.96, 
3016355,80,921745,44.14353912,17.39380057,480,840,34,136.624,0.8,25, 
3016355,81,920697,43.193666,17.5677448,480,840,41,332.984,2.5,38, 
3016355,82,7634,43.3059,17.82088,480,840,2,39.06,0.364,12, 
3016355,83,1078,43.37446,17.60252,481,961,1,173.25,0.208,12, 
3016355,84,923209,44.146172,17.39155,481,961,1,11.036,0.022,7.95, 
3016355,85,1374,43.18142998,17.51678252,481,961,23,47.048,0.4,20, 
3016355,86,922004,43.38719,17.49213,481,961,6,36.376,0.572,15, 
3016355,87,145190,43.9845416,17.27298181,481,961,11,31.3,0.139,11.13, 
3016355,88,144279,43.37814726,17.55343816,481,961,3,12.5,0.043,10, 
3016355,89,547,43.98758,17.2757,481,961,40,120.805,0.329,25, 
3016355,90,145160,43.37824092,17.56334723,481,961,1,11.55,0.014,7.92, 
3016355,91,920359,42.71111,18.35247,481,961,14,22.289,0.314,11.69, 
3016355,92,137665,42.95202,18.08555,480,900,32,43.98,0.117,20, 
3016355,93,922863,43.33881,17.81903,481,961,3,12.073,0.065,10, 
3016355,95,921276,43.35147,17.79922,481,961,1,0.78,0.01,7.8, 
3016355,96,1199,43.3547,17.79994,481,961,1,24.091,0.035,8.13, 
3016355,97,1805,43.38176,17.59155,481,961,2,46.725,0.069,8.73, 
3016355,98,131762,43.36655,17.64331,481,961,6,17.227,0.076,15, 
3016355,99,526,43.99062151,17.2798356,481,961,6,21.861,0.09,15, 
3016355,100,1356,43.35237344,17.47782641,481,961,1,11.55,0.014,7.92, 
3016355,101,136498,43.27371,17.83456,481,961,8,10.185,0.045,15, 
3016355,102,136201,42.71305,18.33933,481,961,9,392.591,1.366,20, 
3027038,1,920812,43.306728,17.821438,481,961,3,4.725,0.007,8.32, 
3027038,2,138087,43.41305,17.87588,480,900,67,151.577,0.796,49.01, 
3027038,3,138157,43.135963,17.776839,480,900,12,12.922,0.041,10.8, 
3027038,4,26,43.46907801,17.33702249,481,961,5,8.384,0.061,9.08, 
3027038,5,478,43.70716,17.2229,481,961,3,3.523,0.021,8.37, 
3027038,6,921127,43.08222786,17.96003741,480,840,23,31.829,0.296,21, 
3027038,7,920300,43.11001558,17.70152194,480,840,27,88.426,0.373,26.62, 
3027038,8,921302,43.35266,17.80444,480,900,78,448.02,1.943,59.36, 
3027038,9,454,43.48189308,17.30045863,481,961,1,304.584,0.922,14.49, 
3027038,10,1408,43.35459,17.79902,480,900,1,311.472,0.699,13.63, 
3027038,11,15027,43.11036,17.70165,480,900,48,63.012,0.277,31.25, 
3027038,12,15030,43.47037,17.33143,480,900,58,67.91,0.258,33.72, 
3027038,13,137381,43.71619,17.2317,480,900,58,77.481,0.254,33.8, 
3027038,14,1016,43.111171,17.69928539,481,961,23,82.9,0.502,21.13, 
3027038,15,137635,43.31353178,17.82928296,481,961,6,19.226,0.031,9.31, 
3027038,16,1862,43.0512045,17.67280126,481,961,2,6.426,0.031,8.19, 
3027038,17,131511,43.36378,17.82157,480,840,4,9.636,0.06,8.84, 
3027038,18,131460,43.11702541,17.69645834,480,840,6,10.709,0.045,9.29, 
3027038,19,15221,43.71695937,17.23264032,481,961,10,27.298,0.101,10.68, 
3027038,20,10825,43.36369616,17.8181746,481,961,8,17.964,0.053,9.89, 
3027038,21,1518,43.47582956,17.32276225,481,961,10,16.442,0.064,10.42, 
3027038,22,1118,43.11155,17.71267,480,900,19,233.694,0.94,18.39, 
3027038,23,144680,43.58691037,17.29854226,481,961,18,27.499,0.091,18, 
3027038,24,920704,43.7021563,17.21088516,481,961,24,43.302,0.147,21, 
3027038,25,131334,43.71959,17.22727,480,900,17,47.012,0.113,18, 
3027038,26,131336,43.63608,17.30644,480,900,18,16.75,0.049,12.36, 
3027038,27,2038,43.4744,17.32819,481,961,2,422.09,2.707,23.3, 
3027038,28,15323,43.57045516,17.2857266,481,961,2,18.69,0.030996,8.31, 
3027038,29,1717,43.47712,17.31809,481,961,2,54.39,0.064,8.78, 
3027038,30,738,43.07658527,17.71537328,480,840,25,61.277,0.246,21, 
3027038,31,7521,43.47523786,17.32810521,480,840,36,143.74,0.443,29.71, 
3027038,32,7930,43.1377,17.77995,480,840,4,6.2,0.011,8.61, 
3027038,33,7935,43.083,17.95873,480,840,4,4.377,0.008,8.58, 
3027038,34,7945,43.07982,17.94985,480,840,9,10.881,0.021,9.94, 
3027038,35,7959,43.71882,17.23422,480,840,16,62.876,0.428,18, 
3027038,36,15203,43.11035251,17.70323897,480,840,22,48.215,0.402,21, 
3027038,37,15208,43.3503,17.80166,480,840,58,129.817,0.882,36.91, 
3027038,38,143115,43.46942,17.32524,480,840,33,103.061,0.43,28.52, 
3027038,39,137670,43.05872263,17.7067473,481,961,15,16.838,0.061,11.66, 
3027038,40,142110,43.72387,17.22431,481,961,7,1.286,0.003,9.28, 
3027038,41,1686,43.38225,17.59335,481,961,37,43.329,0.149,17.78, 
3027038,42,1934,43.70177,17.21097,481,961,2,2.81505,0.008952,8.06, 
3027038,43,922805,43.111334,17.699419,481,961,5,0.722,0.002,8.76, 
3027038,44,136942,43.10904,17.70146,481,961,37,51.306,0.251,28.28, 
3027038,45,139168,43.26342,17.87914,481,961,43,163.271,0.995,33.95, 
3027038,46,923589,43.12712827,17.67978971,481,961,23,47.541,0.152,21, 
3027038,47,923590,43.34687,17.79848,481,961,142,566.865,1.978,76.64, 
3027038,48,922197,43.117092,17.697722,481,961,13,17.08,0.071,11.21, 
3027038,49,141548,43.08996,17.69774,481,961,8,18.54,0.067,9.96, 
3027038,50,131250,43.32004,17.81924,480,900,18,26.577,0.113,15, 
3027038,51,131248,43.40848,17.87487,480,900,34,70.632,0.341,28.09, 
3027038,52,921003,43.3526515,17.79721674,480,900,5,8.854,0.032,8.97, 
3027038,53,922910,43.0791928,17.9500538,481,961,18,31.655,0.059,18, 
3027038,54,132531,43.33978,17.80215,480,900,28,42.183,0.127,21, 
3027038,55,144561,43.10746,17.70177,480,900,77,241.399,0.698,51.96, 
3027038,56,10821,43.3814385,17.86956573,481,961,4,8.777,0.048,8.78, 
3027038,57,1644,43.3235,17.83111,481,961,118,413.517,1.607,47.63, 
3027038,58,10538,43.71415,17.23875,481,961,6,180.302,0.219,11.63, 
3027038,59,133834,43.15725,17.90999,481,961,8,26.785,0.277,10.91, 
3027038,60,138650,43.47312,17.29732,481,961,6,143.084,0.221,11.28, 
3027038,61,139379,43.47374,17.32633,481,961,4,53.235,0.097,9.41, 
3027038,62,140751,43.35578,17.81342,481,961,3,65.1,0.688,11.74, 
3027038,63,140167,43.71954,17.22775,481,961,1,21.84,0.024336,8.06, 
3027038,64,133703,43.43229706,17.86367291,481,961,2,1.18125,0.006336,8.04, 
3027038,65,1539,43.35025,17.8009,481,961,3,10.5798,0.027756,8.47, 
3027038,66,142995,43.338239,17.810566,481,961,1,34.608,0.077616,8.4, 
3027038,67,1587,43.11185,17.71222,480,900,1,112.476,0.252,9.87, 
3027038,68,134513,43.048462,17.665945,481,961,19,56.44,0.277,19, 
3027038,69,131297,43.06842,17.666886,481,961,22,42.979,0.152,22, 
3027038,70,133394,43.13381,17.77357,481,961,6,7.527,0.033,9.21, 
3027038,71,922387,43.34108,17.805871,481,961,4,46.218,0.066,9.22, 
3027038,72,7929,43.11665,17.71322,480,840,42,167.316,1.055,33.99, 
3027038,73,7634,43.3059,17.82088,480,840,44,200.271,0.896,34.14, 
3027038,74,145229,43.37916,17.60656,481,961,1,25.956,0.058212,8.24, 
3027038,75,1387,43.4646396,17.34455414,481,961,2,54.39,0.064,8.78, 
3027038,76,921035,43.47431317,17.32787704,481,961,10,38.47,0.106,10.81, 
3027038,77,142179,43.10786,17.71438,481,961,3,7.413,0.014316,8.38, 
3027038,78,921932,43.10820519,17.71376174,481,961,40,99.02,0.42,30.19, 
3027038,79,922911,43.763243,17.230827,481,961,1,10.92,0.012168,7.9, 
3027038,80,923700,43.377547,17.851378,481,961,6,7.536,0.055,9.3, 
3027038,81,920968,43.35491764,17.81399424,481,961,7,4.783,0.024,9.4, 
3027038,82,921561,43.207012,17.794347,481,961,8,34.459,0.088,10.2, 
3027038,83,923709,43.472595,17.326775,481,961,1,3.22812,0.008328,7.82, 
3027038,84,922863,43.33881,17.81903,481,961,1,2.361744,0.00498,7.79, 
3027038,85,1892,43.34702534,17.81660819,481,961,5,3.174,0.019,8.86, 
3027038,86,921276,43.35147,17.79922,481,961,1,17.304,0.038808,8.08, 
3027038,87,1676,43.1094,17.70362,481,961,5,0.788,0.003,8.77, 
3027038,88,1199,43.3547,17.79994,481,961,1,26.328,0.2,8.83, 
3027038,89,1805,43.38176,17.59155,481,961,8,135.163,0.439,15, 
3027038,90,140023,43.46984,17.32242,481,961,7,151.62,0.208,11.56, 
3027038,91,1665,43.71608,17.23162,481,961,13,7.777,0.021,10.91, 
3044702,1,7779,43.35132,17.80488,481,961,7,1.499,0.003,13.5, 
3044702,2,143349,43.22587009,17.69327508,481,961,4,301.14,0.437,12, 
3044702,3,135889,43.22875863,17.69760633,481,961,1,25.956,0.058,10.5, 
3044702,4,138089,43.34414,17.80873,480,900,78,115.633,0.639,49, 
3044702,5,131267,44.05592,17.44936,480,840,34,113.739,0.297,27, 
3044702,6,920532,44.08039739,17.44696406,480,840,32,107.323,0.568,26, 
3044702,7,140812,44.05159,17.44171,480,840,8,26.159,0.127,14, 
3044702,8,131269,44.04766052,17.45128327,480,840,13,38.354,0.075,16.5, 
3044702,9,137731,43.36458,17.82233,480,900,92,1031.865,4.11,56, 
3044702,10,920120,44.05408739,17.43662959,480,900,74,414.769,1.868,47, 
3044702,11,15026,43.382311,17.592223,480,900,6,5.525,0.012,13, 
3044702,12,15028,43.37047,17.41708,480,900,2,1.121,0.003,11, 
3044702,13,7572,43.367,17.42341,481,961,37,61.488,0.223,28.5, 
3044702,14,137633,43.31375817,17.83000179,481,961,4,2.515,0.015,12, 
3044702,15,137635,43.31353178,17.82928296,481,961,3,2.476,0.011,11.5, 
3044702,16,138929,44.07124,17.44981,481,961,1,60.9,0.154,10.5, 
3044702,17,921090,44.05513348,17.45000217,481,961,1,22.071,0.045,10.5, 
3044702,18,138540,43.25776,17.6799,481,961,16,21.381,0.076,18, 
3044702,19,922848,43.41633743,17.29287154,481,961,2,3.213,0.016,11, 
3044702,20,137176,44.04974258,17.45038205,481,961,7,11.352,0.049,13.5, 
3044702,21,136885,43.22722642,17.70582462,481,961,6,1.58,0.01,13, 
3044702,22,921872,43.34521,17.7901,481,961,4,13.585,0.041,12, 
3044702,23,320,42.89103,18.41611,481,961,19,71.415,0.307,19.5, 
3044702,24,131466,43.36742443,17.42228323,481,961,3,6.107,0.019,11.5, 
3044702,25,743,43.24246863,17.65760923,480,840,8,25.248,0.112,14, 
3044702,26,742,43.22780491,17.69687677,480,840,37,182.091,0.741,28.5, 
3044702,27,740,43.22866482,17.69685531,480,840,21,75,0.388,20.5, 
3044702,28,739,43.20614682,17.78742814,480,840,2,13.104,0.04,11, 
3044702,29,7525,43.38201,17.59221,480,840,21,143.842,0.826,20.5, 
3044702,30,7522,43.3515,17.80095,480,840,22,88.685,0.566,21, 
3044702,31,15202,43.38594,17.59217,480,840,10,83.472,0.236,15, 
3044702,32,15204,43.34455,17.80581,480,840,4,2.436,0.007,12, 
3044702,33,15205,43.33748,17.80009,480,840,15,18.275,0.051,17.5, 
3044702,34,15206,43.33583,17.80148,480,840,13,22.808,0.068,16.5, 
3044702,35,15207,43.33777,17.80771,480,840,21,40.242,0.155,20.5, 
3044702,36,15247,43.34668,17.8017,480,840,28,44.825,0.207,24, 
3044702,37,15249,43.3505,17.79755,480,840,17,33.492,0.16,18.5, 
3044702,38,15250,43.34129,17.80184,480,840,41,86.731,0.48,30.5, 
3044702,39,15251,43.34646,17.79313,480,840,16,19.659,0.091,18, 
3044702,40,15253,43.35379,17.79422,480,840,90,299.928,1.733,55, 
3044702,41,15328,43.34914,17.79765,480,840,10,43.593,0.203,15, 
3044702,42,139007,43.34938,17.80456,480,840,27.636,134.284,0.7,15.636, 
3044702,43,1031,44.05528662,17.44944653,480,840,30,85.321,0.411,25, 
3044702,44,145260,44.05475049,17.44977762,480,840,22,249.426,2.347,21, 
3044702,45,131472,43.34159,17.81442,481,961,7,0.46,0.004,13.5, 
3044702,46,883,43.34788,17.80341,481,961,11,3.07,0.006,15.5, 
3044702,47,882,43.35007,17.79767,481,961,8,6.44,0.022,14, 
3044702,48,922327,43.345545,17.799215,481,961,16,31.742,0.111,18, 
3044702,50,923731,43.22871,17.701516,481,961,5,4.83,0.016,12.5, 
3044702,51,136707,43.38879362,17.37056621,481,961,9,12.92,0.051,14.5, 
3044702,52,139168,43.26342,17.87914,481,961,42,203.057,1.087,31, 
3044702,53,239,43.36807958,17.42099577,481,961,24,103.072,0.388,22, 
3044702,54,494,43.31416565,17.38825136,481,961,11,23.111,0.089,15.5, 
3044702,55,775,43.33812,17.81055,481,961,12,3.346,0.012,16, 
3044702,56,1487,43.37776,17.55557,481,961,7,74.915,0.259,13.5, 
3044702,57,136298,43.26075425,17.69947314,480,900,44,85.434,0.224,32, 
3044702,58,923132,43.41633743,17.29287154,481,961,9,12.049,0.065,14.5, 
3044702,59,131242,43.29281,17.76174,480,900,12,21.33,0.067,16, 
3044702,60,131246,43.37751,17.564424,480,900,1,25.956,0.058,10.5, 
3044702,61,921003,43.3526515,17.79721674,480,900,6,21.807198,0.053352,13, 
3044702,62,921301,43.35442352,17.80005933,480,900,42,64.564,0.357,31, 
3044702,63,139984,43.22274,17.69134,480,900,37,98.519,0.355,28.5, 
3044702,64,136151,42.87295,18.42446,481,961,6,12.752838,0.066468,13, 
3044702,65,136150,43.25605,18.11699,481,961,4,9.5235,0.050208,12, 
3044702,66,923634,43.158646,18.547353,481,961,2,2.205,0.00858,11, 
3044702,67,143907,43.25737,18.11082,481,961,21,81.299,0.191,20.5, 
3044702,68,133291,43.33916,17.80854,480,840,15,29.345,0.116,17.5, 
3044702,69,133290,43.35112,17.79835,480,840,3,1.91793,0.011712,11.5, 
3044702,70,922888,43.370072,17.409778,481,961,2,155.180256,0.992628,11, 
3044702,71,135887,43.34289,17.80943,481,961,3,2.02125,0.01008,11.5, 
3044702,72,760,43.37195186,17.31434041,481,961,14,122.002,0.519,17, 
3044702,73,1007,44.05671,17.44928,481,961,1,2.1,0.000828,10.5, 
3044702,74,920208,42.86648,18.41876,481,961,3,4.7124,0.034308,11.5, 
3044702,75,7634,43.3059,17.82088,480,840,2,7.6545,0.078396,11, 
3044702,76,1886,43.22527202,17.71125341,481,961,5,15.5232,0.07836,12.5, 
3044702,77,136886,43.24165581,17.70664001,481,961,7,9.0657,0.062988,13.5, 
3044702,78,1078,43.37446,17.60252,481,961,3,63.525,0.352,11.5, 
3044702,79,139822,43.41941,17.2833,481,961,1,1.85787,0.004704,10.5, 
3044702,80,921560,43.37293062,17.41121107,481,961,6,5.090925,0.02394,13, 
3044702,81,140975,43.37182,17.41506,481,961,1,8.652,0.019404,10.5, 
3044702,82,137667,43.16741,18.52947,480,900,36,153.193,0.654,28, 
3044702,83,137662,42.87354,18.42531,480,900,47,159.442,0.59,33.5, 
3044702,84,137663,43.25821,18.11214,480,900,32,81.975,0.244,26, 
3044702,85,139709,43.42178,17.27912,481,961,81,433.358877,1.655664,50.5, 
3044702,86,15121,43.34244532,17.42992216,481,961,18,57.136,0.171,19, 
3044702,87,1938,43.25739,18.11307,481,961,5,7.88655,0.037284,12.5, 
3044702,88,131742,42.8691,18.42558,481,961,15,37.681,0.355,17.5, 
3044702,89,1805,43.38176,17.59155,481,961,2,114.972,0.14,11, 
3044702,90,957,44.07382749,17.44840794,481,961,8,56.385,0.19,14, 
3044702,91,1173,43.36396136,17.41756254,481,961,61,163.136862,0.812712,40.5, 
